#
# There is insufficient memory for the Java Runtime Environment to continue.
# Native memory allocation (malloc) failed to allocate 1756816 bytes for Chunk::new
# Possible reasons:
#   The system is out of physical RAM or swap space
#   The process is running with CompressedOops enabled, and the Java Heap may be blocking the growth of the native heap
# Possible solutions:
#   Reduce memory load on the system
#   Increase physical memory or swap space
#   Check if swap backing store is full
#   Decrease Java heap size (-Xmx/-Xms)
#   Decrease number of Java threads
#   Decrease Java thread stack sizes (-Xss)
#   Set larger code cache with -XX:ReservedCodeCacheSize=
#   JVM is running with Unscaled Compressed Oops mode in which the Java heap is
#     placed in the first 4GB address space. The Java Heap base address is the
#     maximum limit for the native heap growth. Please use -XX:HeapBaseMinAddress
#     to set the Java Heap base and to place the Java Heap above 4GB virtual address.
# This output file may be truncated or incomplete.
#
#  Out of Memory Error (arena.cpp:189), pid=23308, tid=3920
#
# JRE version: Java(TM) SE Runtime Environment (17.0.12+8) (build 17.0.12+8-LTS-286)
# Java VM: Java HotSpot(TM) 64-Bit Server VM (17.0.12+8-LTS-286, mixed mode, sharing, tiered, compressed oops, compressed class ptrs, g1 gc, windows-amd64)
# No core dump will be written. Minidumps are not enabled by default on client versions of Windows
#

---------------  S U M M A R Y ------------

Command Line: --add-opens=java.base/java.lang=ALL-UNNAMED --add-opens=java.base/java.lang.invoke=ALL-UNNAMED --add-opens=java.base/java.util=ALL-UNNAMED --add-opens=java.prefs/java.util.prefs=ALL-UNNAMED --add-exports=jdk.compiler/com.sun.tools.javac.api=ALL-UNNAMED --add-exports=jdk.compiler/com.sun.tools.javac.util=ALL-UNNAMED --add-opens=java.base/java.util=ALL-UNNAMED --add-opens=java.prefs/java.util.prefs=ALL-UNNAMED --add-opens=java.base/java.nio.charset=ALL-UNNAMED --add-opens=java.base/java.net=ALL-UNNAMED --add-opens=java.base/java.util.concurrent=ALL-UNNAMED --add-opens=java.base/java.util.concurrent.atomic=ALL-UNNAMED --add-opens=java.xml/javax.xml.namespace=ALL-UNNAMED -XX:MaxMetaspaceSize=384m -XX:+HeapDumpOnOutOfMemoryError -Xms256m -Xmx512m -Dfile.encoding=UTF-8 -Duser.country=US -Duser.language=en -Duser.variant -javaagent:C:\Users\colloh\.gradle\wrapper\dists\gradle-9.0.0-bin\d6wjpkvcgsg3oed0qlfss3wgl\gradle-9.0.0\lib\agents\gradle-instrumentation-agent-9.0.0.jar org.gradle.launcher.daemon.bootstrap.GradleDaemon 9.0.0

Host: Intel(R) Core(TM) i5-6300U CPU @ 2.40GHz, 4 cores, 7G,  Windows 11 , 64 bit Build 22621 (10.0.22621.5415)
Time: Thu May 21 03:38:16 2026 Pacific Daylight Time elapsed time: 712.545083 seconds (0d 0h 11m 52s)

---------------  T H R E A D  ---------------

Current thread (0x0000026ec84718a0):  JavaThread "C2 CompilerThread0" daemon [_thread_in_native, id=3920, stack(0x00000096a4300000,0x00000096a4400000)]


Current CompileTask:
C2: 712546 31460   !   4       java.net.URLClassLoader::defineClass (224 bytes)

Stack: [0x00000096a4300000,0x00000096a4400000]
Native frames: (J=compiled Java code, j=interpreted, Vv=VM code, C=native code)
V  [jvm.dll+0x67a04a]
V  [jvm.dll+0x7da4ed]
V  [jvm.dll+0x7dbe33]
V  [jvm.dll+0x7dc4a3]
V  [jvm.dll+0x24508f]
V  [jvm.dll+0xab773]
V  [jvm.dll+0xabd3c]
V  [jvm.dll+0x361b9f]
V  [jvm.dll+0x32c431]
V  [jvm.dll+0x32b8ca]
V  [jvm.dll+0x21683f]
V  [jvm.dll+0x215c6f]
V  [jvm.dll+0x1a2960]
V  [jvm.dll+0x22610b]
V  [jvm.dll+0x2242ab]
V  [jvm.dll+0x79075c]
V  [jvm.dll+0x78abea]
V  [jvm.dll+0x678f35]
C  [ucrtbase.dll+0x29333]
C  [KERNEL32.DLL+0x1259d]
C  [ntdll.dll+0x5af78]


---------------  P R O C E S S  ---------------

Threads class SMR info:
_java_thread_list=0x0000026ef062b5b0, length=59, elements={
0x0000026eae3d5450, 0x0000026ec8456900, 0x0000026ec8457780, 0x0000026ec846bba0,
0x0000026ec846d770, 0x0000026ec8470140, 0x0000026ec8470b00, 0x0000026ec84718a0,
0x0000026ec8472350, 0x0000026ec8476080, 0x0000026ec8442c00, 0x0000026ec8764a50,
0x0000026ee2ed7ab0, 0x0000026ee348e840, 0x0000026ee34ac030, 0x0000026ec867fd60,
0x0000026ee20ac0c0, 0x0000026ee20aa260, 0x0000026ee20ac5d0, 0x0000026ee20a8e20,
0x0000026ee20ab6a0, 0x0000026ee20aa770, 0x0000026ee20a9840, 0x0000026ee20aac80,
0x0000026ee20ab190, 0x0000026ee20a9330, 0x0000026ee20abbb0, 0x0000026ee20a9d50,
0x0000026ee20bf940, 0x0000026ee20ba840, 0x0000026ee20bef20, 0x0000026ee20bdff0,
0x0000026ee20bea10, 0x0000026ee20bc6a0, 0x0000026ee20bcbb0, 0x0000026ec884c8e0,
0x0000026e80c98df0, 0x0000026e80c979b0, 0x0000026e80c96570, 0x0000026ee5973730,
0x0000026e80fe2060, 0x0000026e80c983d0, 0x0000026e80c96a80, 0x0000026ee5e89a80,
0x0000026e80af5df0, 0x0000026e80af49b0, 0x0000026e80af6300, 0x0000026e80af4ec0,
0x0000026e80af53d0, 0x0000026e80af3060, 0x0000026e80af3570, 0x0000026e80af3f90,
0x0000026e80af44a0, 0x0000026ee74d14a0, 0x0000026ee74d28e0, 0x0000026ee74d23d0,
0x0000026ee20ba330, 0x0000026ee20bc190, 0x0000026e81f22210
}

Java Threads: ( => current thread )
  0x0000026eae3d5450 JavaThread "main" [_thread_blocked, id=17388, stack(0x00000096a3600000,0x00000096a3700000)]
  0x0000026ec8456900 JavaThread "Reference Handler" daemon [_thread_blocked, id=4324, stack(0x00000096a3d00000,0x00000096a3e00000)]
  0x0000026ec8457780 JavaThread "Finalizer" daemon [_thread_blocked, id=23840, stack(0x00000096a3e00000,0x00000096a3f00000)]
  0x0000026ec846bba0 JavaThread "Signal Dispatcher" daemon [_thread_blocked, id=17500, stack(0x00000096a3f00000,0x00000096a4000000)]
  0x0000026ec846d770 JavaThread "Attach Listener" daemon [_thread_blocked, id=9816, stack(0x00000096a4000000,0x00000096a4100000)]
  0x0000026ec8470140 JavaThread "Service Thread" daemon [_thread_blocked, id=23616, stack(0x00000096a4100000,0x00000096a4200000)]
  0x0000026ec8470b00 JavaThread "Monitor Deflation Thread" daemon [_thread_blocked, id=15248, stack(0x00000096a4200000,0x00000096a4300000)]
=>0x0000026ec84718a0 JavaThread "C2 CompilerThread0" daemon [_thread_in_native, id=3920, stack(0x00000096a4300000,0x00000096a4400000)]
  0x0000026ec8472350 JavaThread "C1 CompilerThread0" daemon [_thread_blocked, id=11432, stack(0x00000096a4400000,0x00000096a4500000)]
  0x0000026ec8476080 JavaThread "Sweeper thread" daemon [_thread_blocked, id=23816, stack(0x00000096a4500000,0x00000096a4600000)]
  0x0000026ec8442c00 JavaThread "Common-Cleaner" daemon [_thread_blocked, id=12684, stack(0x00000096a4600000,0x00000096a4700000)]
  0x0000026ec8764a50 JavaThread "Notification Thread" daemon [_thread_blocked, id=20432, stack(0x00000096a4700000,0x00000096a4800000)]
  0x0000026ee2ed7ab0 JavaThread "Daemon health stats" [_thread_blocked, id=5832, stack(0x00000096a4c00000,0x00000096a4d00000)]
  0x0000026ee348e840 JavaThread "Incoming local TCP Connector on port 49439" [_thread_in_native, id=9440, stack(0x00000096a4d00000,0x00000096a4e00000)]
  0x0000026ee34ac030 JavaThread "Daemon periodic checks" [_thread_blocked, id=18368, stack(0x00000096a4e00000,0x00000096a4f00000)]
  0x0000026ec867fd60 JavaThread "Daemon" [_thread_blocked, id=10152, stack(0x00000096a4f00000,0x00000096a5000000)]
  0x0000026ee20ac0c0 JavaThread "Handler for socket connection from /127.0.0.1:49439 to /127.0.0.1:49440" [_thread_in_native, id=1844, stack(0x00000096a5000000,0x00000096a5100000)]
  0x0000026ee20aa260 JavaThread "Cancel handler" [_thread_blocked, id=10512, stack(0x00000096a5100000,0x00000096a5200000)]
  0x0000026ee20ac5d0 JavaThread "Daemon worker" [_thread_in_vm, id=26224, stack(0x00000096a5200000,0x00000096a5300000)]
  0x0000026ee20a8e20 JavaThread "Asynchronous log dispatcher for DefaultDaemonConnection: socket connection from /127.0.0.1:49439 to /127.0.0.1:49440" [_thread_blocked, id=23356, stack(0x00000096a5300000,0x00000096a5400000)]
  0x0000026ee20ab6a0 JavaThread "Stdin handler" [_thread_blocked, id=28260, stack(0x00000096a5400000,0x00000096a5500000)]
  0x0000026ee20aa770 JavaThread "Daemon client event forwarder" [_thread_blocked, id=22772, stack(0x00000096a5500000,0x00000096a5600000)]
  0x0000026ee20a9840 JavaThread "Cache worker for journal cache (C:\Users\colloh\.gradle\caches\journal-1)" [_thread_blocked, id=12664, stack(0x00000096a5600000,0x00000096a5700000)]
  0x0000026ee20aac80 JavaThread "File lock request listener" [_thread_in_native, id=9960, stack(0x00000096a5700000,0x00000096a5800000)]
  0x0000026ee20ab190 JavaThread "Cache worker for file hash cache (C:\Users\colloh\.gradle\caches\9.0.0\fileHashes)" [_thread_blocked, id=13328, stack(0x00000096a5800000,0x00000096a5900000)]
  0x0000026ee20a9330 JavaThread "Cache worker for file hash cache (C:\Users\colloh\StudioProjects\re\.gradle\9.0.0\fileHashes)" [_thread_blocked, id=19436, stack(0x00000096a5900000,0x00000096a5a00000)]
  0x0000026ee20abbb0 JavaThread "Cache worker for Build Output Cleanup Cache (C:\Users\colloh\StudioProjects\re\.gradle\buildOutputCleanup)" [_thread_blocked, id=12444, stack(0x00000096a5a00000,0x00000096a5b00000)]
  0x0000026ee20a9d50 JavaThread "File watcher server" daemon [_thread_in_native, id=3184, stack(0x00000096a5b00000,0x00000096a5c00000)]
  0x0000026ee20bf940 JavaThread "File watcher consumer" daemon [_thread_blocked, id=2488, stack(0x00000096a5c00000,0x00000096a5d00000)]
  0x0000026ee20ba840 JavaThread "Cache worker for checksums cache (C:\Users\colloh\StudioProjects\re\.gradle\9.0.0\checksums)" [_thread_blocked, id=19744, stack(0x00000096a5d00000,0x00000096a5e00000)]
  0x0000026ee20bef20 JavaThread "Cache worker for file content cache (C:\Users\colloh\.gradle\caches\9.0.0\fileContent)" [_thread_blocked, id=10752, stack(0x00000096a5e00000,0x00000096a5f00000)]
  0x0000026ee20bdff0 JavaThread "Cache worker for cache directory md-supplier (C:\Users\colloh\.gradle\caches\9.0.0\md-supplier)" [_thread_blocked, id=28020, stack(0x00000096a6000000,0x00000096a6100000)]
  0x0000026ee20bea10 JavaThread "Cache worker for cache directory md-rule (C:\Users\colloh\.gradle\caches\9.0.0\md-rule)" [_thread_blocked, id=24764, stack(0x00000096a6100000,0x00000096a6200000)]
  0x0000026ee20bc6a0 JavaThread "jar transforms" [_thread_blocked, id=9452, stack(0x00000096a6200000,0x00000096a6300000)]
  0x0000026ee20bcbb0 JavaThread "jar transforms Thread 2" [_thread_blocked, id=6976, stack(0x00000096a6300000,0x00000096a6400000)]
  0x0000026ec884c8e0 JavaThread "Kotlin DSL Writer" [_thread_blocked, id=26704, stack(0x00000096a6400000,0x00000096a6500000)]
  0x0000026e80c98df0 JavaThread "Unconstrained build operations" [_thread_blocked, id=4168, stack(0x00000096a6700000,0x00000096a6800000)]
  0x0000026e80c979b0 JavaThread "Unconstrained build operations Thread 2" [_thread_blocked, id=5704, stack(0x00000096a6800000,0x00000096a6900000)]
  0x0000026e80c96570 JavaThread "Unconstrained build operations Thread 3" [_thread_blocked, id=1960, stack(0x00000096a6900000,0x00000096a6a00000)]
  0x0000026ee5973730 JavaThread "Unconstrained build operations Thread 4" [_thread_blocked, id=10180, stack(0x00000096a6a00000,0x00000096a6b00000)]
  0x0000026e80fe2060 JavaThread "Unconstrained build operations Thread 5" [_thread_blocked, id=21492, stack(0x00000096a6b00000,0x00000096a6c00000)]
  0x0000026e80c983d0 JavaThread "Unconstrained build operations Thread 6" [_thread_blocked, id=27620, stack(0x00000096a6d00000,0x00000096a6e00000)]
  0x0000026e80c96a80 JavaThread "Unconstrained build operations Thread 7" [_thread_blocked, id=5592, stack(0x00000096a6e00000,0x00000096a6f00000)]
  0x0000026ee5e89a80 JavaThread "Unconstrained build operations Thread 8" [_thread_blocked, id=21332, stack(0x00000096a6f00000,0x00000096a7000000)]
  0x0000026e80af5df0 JavaThread "Unconstrained build operations Thread 9" [_thread_blocked, id=8684, stack(0x00000096a7000000,0x00000096a7100000)]
  0x0000026e80af49b0 JavaThread "Unconstrained build operations Thread 10" [_thread_blocked, id=7112, stack(0x00000096a7100000,0x00000096a7200000)]
  0x0000026e80af6300 JavaThread "Unconstrained build operations Thread 11" [_thread_blocked, id=4332, stack(0x00000096a7200000,0x00000096a7300000)]
  0x0000026e80af4ec0 JavaThread "Unconstrained build operations Thread 12" [_thread_blocked, id=1404, stack(0x00000096a7300000,0x00000096a7400000)]
  0x0000026e80af53d0 JavaThread "Unconstrained build operations Thread 13" [_thread_blocked, id=13492, stack(0x00000096a7400000,0x00000096a7500000)]
  0x0000026e80af3060 JavaThread "Unconstrained build operations Thread 14" [_thread_blocked, id=5976, stack(0x00000096a6500000,0x00000096a6600000)]
  0x0000026e80af3570 JavaThread "Unconstrained build operations Thread 15" [_thread_blocked, id=7764, stack(0x00000096a6c00000,0x00000096a6d00000)]
  0x0000026e80af3f90 JavaThread "Unconstrained build operations Thread 16" [_thread_blocked, id=26188, stack(0x00000096a7500000,0x00000096a7600000)]
  0x0000026e80af44a0 JavaThread "Unconstrained build operations Thread 17" [_thread_blocked, id=24232, stack(0x00000096a7600000,0x00000096a7700000)]
  0x0000026ee74d14a0 JavaThread "Unconstrained build operations Thread 18" [_thread_blocked, id=472, stack(0x00000096a7700000,0x00000096a7800000)]
  0x0000026ee74d28e0 JavaThread "Unconstrained build operations Thread 19" [_thread_blocked, id=5468, stack(0x00000096a7800000,0x00000096a7900000)]
  0x0000026ee74d23d0 JavaThread "Memory manager" [_thread_blocked, id=26424, stack(0x00000096a7a00000,0x00000096a7b00000)]
  0x0000026ee20ba330 JavaThread "Problems report writer" [_thread_blocked, id=23612, stack(0x00000096a7b00000,0x00000096a7c00000)]
  0x0000026ee20bc190 JavaThread "build event listener" [_thread_blocked, id=10712, stack(0x00000096a7c00000,0x00000096a7d00000)]
  0x0000026e81f22210 JavaThread "C2 CompilerThread1" daemon [_thread_in_native, id=17488, stack(0x00000096a6600000,0x00000096a6700000)]

Other Threads:
  0x0000026ec8453560 VMThread "VM Thread" [stack: 0x00000096a3c00000,0x00000096a3d00000] [id=10548]
  0x0000026ec8764f30 WatcherThread [stack: 0x00000096a4800000,0x00000096a4900000] [id=19856]
  0x0000026eae4034a0 GCTaskThread "GC Thread#0" [stack: 0x00000096a3700000,0x00000096a3800000] [id=5556]
  0x0000026ec87e9890 GCTaskThread "GC Thread#1" [stack: 0x00000096a4900000,0x00000096a4a00000] [id=16168]
  0x0000026ec88553d0 GCTaskThread "GC Thread#2" [stack: 0x00000096a4a00000,0x00000096a4b00000] [id=3680]
  0x0000026ec8855690 GCTaskThread "GC Thread#3" [stack: 0x00000096a4b00000,0x00000096a4c00000] [id=14072]
  0x0000026eae4083f0 ConcurrentGCThread "G1 Main Marker" [stack: 0x00000096a3800000,0x00000096a3900000] [id=21380]
  0x0000026eae408e00 ConcurrentGCThread "G1 Conc#0" [stack: 0x00000096a3900000,0x00000096a3a00000] [id=16916]
  0x0000026eae49d310 ConcurrentGCThread "G1 Refine#0" [stack: 0x00000096a3a00000,0x00000096a3b00000] [id=17848]
  0x0000026ee511c340 ConcurrentGCThread "G1 Refine#1" [stack: 0x00000096a5f00000,0x00000096a6000000] [id=11316]
  0x0000026ee4f1c680 ConcurrentGCThread "G1 Refine#2" [stack: 0x00000096a3400000,0x00000096a3500000] [id=6708]
  0x0000026ee4eda2e0 ConcurrentGCThread "G1 Refine#3" [stack: 0x00000096a3500000,0x00000096a3600000] [id=22448]
  0x0000026eae49dd40 ConcurrentGCThread "G1 Service" [stack: 0x00000096a3b00000,0x00000096a3c00000] [id=2252]

Threads with active compile tasks:
C2 CompilerThread0   712637 31460   !   4       java.net.URLClassLoader::defineClass (224 bytes)
C2 CompilerThread1   712637 31561       4       jdk.internal.loader.URLClassPath$JarLoader$2::getManifest (26 bytes)

VM state: not at safepoint (normal execution)

VM Mutex/Monitor currently owned by a thread: None

Heap address: 0x00000000e0000000, size: 512 MB, Compressed Oops mode: 32-bit

CDS archive(s) mapped at: [0x0000026ec9000000-0x0000026ec9bd0000-0x0000026ec9bd0000), size 12386304, SharedBaseAddress: 0x0000026ec9000000, ArchiveRelocationMode: 1.
Compressed class space mapped at: 0x0000026eca000000-0x0000026ede000000, reserved size: 335544320
Narrow klass base: 0x0000026ec9000000, Narrow klass shift: 0, Narrow klass range: 0x100000000

GC Precious Log:
 CPUs: 4 total, 4 available
 Memory: 8047M
 Large Page Support: Disabled
 NUMA Support: Disabled
 Compressed Oops: Enabled (32-bit)
 Heap Region Size: 1M
 Heap Min Capacity: 256M
 Heap Initial Capacity: 256M
 Heap Max Capacity: 512M
 Pre-touch: Disabled
 Parallel Workers: 4
 Concurrent Workers: 1
 Concurrent Refinement Workers: 4
 Periodic GC: Disabled

Heap:
 garbage-first heap   total 498688K, used 315739K [0x00000000e0000000, 0x0000000100000000)
  region size 1024K, 23 young (23552K), 5 survivors (5120K)
 Metaspace       used 181512K, committed 182400K, reserved 524288K
  class space    used 22547K, committed 22976K, reserved 327680K

Heap Regions: E=young(eden), S=young(survivor), O=old, HS=humongous(starts), HC=humongous(continues), CS=collection set, F=free, OA=open archive, CA=closed archive, TAMS=top-at-mark-start (previous, next)
|   0|0x00000000e0000000, 0x00000000e0100000, 0x00000000e0100000|100%|HS|  |TAMS 0x00000000e0100000, 0x00000000e0000000| Complete 
|   1|0x00000000e0100000, 0x00000000e0200000, 0x00000000e0200000|100%|HC|  |TAMS 0x00000000e0200000, 0x00000000e0100000| Complete 
|   2|0x00000000e0200000, 0x00000000e0300000, 0x00000000e0300000|100%|HC|  |TAMS 0x00000000e0300000, 0x00000000e0200000| Complete 
|   3|0x00000000e0300000, 0x00000000e0400000, 0x00000000e0400000|100%| O|  |TAMS 0x00000000e0400000, 0x00000000e0300000| Untracked 
|   4|0x00000000e0400000, 0x00000000e0500000, 0x00000000e0500000|100%| O|  |TAMS 0x00000000e0500000, 0x00000000e0400000| Untracked 
|   5|0x00000000e0500000, 0x00000000e0600000, 0x00000000e0600000|100%| O|  |TAMS 0x00000000e0600000, 0x00000000e0500000| Untracked 
|   6|0x00000000e0600000, 0x00000000e0700000, 0x00000000e0700000|100%| O|  |TAMS 0x00000000e0700000, 0x00000000e0600000| Untracked 
|   7|0x00000000e0700000, 0x00000000e0800000, 0x00000000e0800000|100%|HS|  |TAMS 0x00000000e0800000, 0x00000000e0700000| Complete 
|   8|0x00000000e0800000, 0x00000000e0900000, 0x00000000e0900000|100%| O|  |TAMS 0x00000000e0900000, 0x00000000e0800000| Untracked 
|   9|0x00000000e0900000, 0x00000000e0a00000, 0x00000000e0a00000|100%| O|  |TAMS 0x00000000e0a00000, 0x00000000e0900000| Untracked 
|  10|0x00000000e0a00000, 0x00000000e0b00000, 0x00000000e0b00000|100%| O|  |TAMS 0x00000000e0b00000, 0x00000000e0a00000| Untracked 
|  11|0x00000000e0b00000, 0x00000000e0c00000, 0x00000000e0c00000|100%| O|  |TAMS 0x00000000e0c00000, 0x00000000e0b00000| Untracked 
|  12|0x00000000e0c00000, 0x00000000e0d00000, 0x00000000e0d00000|100%| O|  |TAMS 0x00000000e0d00000, 0x00000000e0c00000| Untracked 
|  13|0x00000000e0d00000, 0x00000000e0e00000, 0x00000000e0e00000|100%| O|  |TAMS 0x00000000e0e00000, 0x00000000e0d00000| Untracked 
|  14|0x00000000e0e00000, 0x00000000e0f00000, 0x00000000e0f00000|100%| O|  |TAMS 0x00000000e0f00000, 0x00000000e0e00000| Untracked 
|  15|0x00000000e0f00000, 0x00000000e1000000, 0x00000000e1000000|100%| O|  |TAMS 0x00000000e1000000, 0x00000000e0f00000| Untracked 
|  16|0x00000000e1000000, 0x00000000e1100000, 0x00000000e1100000|100%| O|  |TAMS 0x00000000e1100000, 0x00000000e1000000| Untracked 
|  17|0x00000000e1100000, 0x00000000e1200000, 0x00000000e1200000|100%| O|  |TAMS 0x00000000e1200000, 0x00000000e1100000| Untracked 
|  18|0x00000000e1200000, 0x00000000e1300000, 0x00000000e1300000|100%| O|  |TAMS 0x00000000e1300000, 0x00000000e1200000| Untracked 
|  19|0x00000000e1300000, 0x00000000e1400000, 0x00000000e1400000|100%| O|  |TAMS 0x00000000e1400000, 0x00000000e1300000| Untracked 
|  20|0x00000000e1400000, 0x00000000e1500000, 0x00000000e1500000|100%| O|  |TAMS 0x00000000e1500000, 0x00000000e1400000| Untracked 
|  21|0x00000000e1500000, 0x00000000e1600000, 0x00000000e1600000|100%| O|  |TAMS 0x00000000e1600000, 0x00000000e1500000| Untracked 
|  22|0x00000000e1600000, 0x00000000e1700000, 0x00000000e1700000|100%| O|  |TAMS 0x00000000e1700000, 0x00000000e1600000| Untracked 
|  23|0x00000000e1700000, 0x00000000e1800000, 0x00000000e1800000|100%| O|  |TAMS 0x00000000e1800000, 0x00000000e1700000| Untracked 
|  24|0x00000000e1800000, 0x00000000e1900000, 0x00000000e1900000|100%| O|  |TAMS 0x00000000e1900000, 0x00000000e1800000| Untracked 
|  25|0x00000000e1900000, 0x00000000e1a00000, 0x00000000e1a00000|100%| O|  |TAMS 0x00000000e1a00000, 0x00000000e1900000| Untracked 
|  26|0x00000000e1a00000, 0x00000000e1b00000, 0x00000000e1b00000|100%| O|  |TAMS 0x00000000e1b00000, 0x00000000e1a00000| Untracked 
|  27|0x00000000e1b00000, 0x00000000e1c00000, 0x00000000e1c00000|100%| O|  |TAMS 0x00000000e1c00000, 0x00000000e1b00000| Untracked 
|  28|0x00000000e1c00000, 0x00000000e1d00000, 0x00000000e1d00000|100%| O|  |TAMS 0x00000000e1d00000, 0x00000000e1c00000| Untracked 
|  29|0x00000000e1d00000, 0x00000000e1e00000, 0x00000000e1e00000|100%| O|  |TAMS 0x00000000e1e00000, 0x00000000e1d00000| Untracked 
|  30|0x00000000e1e00000, 0x00000000e1f00000, 0x00000000e1f00000|100%| O|  |TAMS 0x00000000e1f00000, 0x00000000e1e00000| Untracked 
|  31|0x00000000e1f00000, 0x00000000e2000000, 0x00000000e2000000|100%| O|  |TAMS 0x00000000e2000000, 0x00000000e1f00000| Untracked 
|  32|0x00000000e2000000, 0x00000000e2100000, 0x00000000e2100000|100%| O|  |TAMS 0x00000000e2100000, 0x00000000e2000000| Untracked 
|  33|0x00000000e2100000, 0x00000000e2200000, 0x00000000e2200000|100%| O|  |TAMS 0x00000000e2200000, 0x00000000e2100000| Untracked 
|  34|0x00000000e2200000, 0x00000000e2300000, 0x00000000e2300000|100%| O|  |TAMS 0x00000000e2300000, 0x00000000e2200000| Untracked 
|  35|0x00000000e2300000, 0x00000000e2400000, 0x00000000e2400000|100%| O|  |TAMS 0x00000000e2400000, 0x00000000e2300000| Untracked 
|  36|0x00000000e2400000, 0x00000000e2500000, 0x00000000e2500000|100%| O|  |TAMS 0x00000000e2500000, 0x00000000e2400000| Untracked 
|  37|0x00000000e2500000, 0x00000000e2600000, 0x00000000e2600000|100%| O|  |TAMS 0x00000000e2600000, 0x00000000e2500000| Untracked 
|  38|0x00000000e2600000, 0x00000000e2700000, 0x00000000e2700000|100%| O|  |TAMS 0x00000000e2700000, 0x00000000e2600000| Untracked 
|  39|0x00000000e2700000, 0x00000000e2800000, 0x00000000e2800000|100%| O|  |TAMS 0x00000000e2800000, 0x00000000e2700000| Untracked 
|  40|0x00000000e2800000, 0x00000000e2900000, 0x00000000e2900000|100%| O|  |TAMS 0x00000000e2900000, 0x00000000e2800000| Untracked 
|  41|0x00000000e2900000, 0x00000000e2a00000, 0x00000000e2a00000|100%| O|  |TAMS 0x00000000e2a00000, 0x00000000e2900000| Untracked 
|  42|0x00000000e2a00000, 0x00000000e2b00000, 0x00000000e2b00000|100%| O|  |TAMS 0x00000000e2b00000, 0x00000000e2a00000| Untracked 
|  43|0x00000000e2b00000, 0x00000000e2c00000, 0x00000000e2c00000|100%| O|  |TAMS 0x00000000e2c00000, 0x00000000e2b00000| Untracked 
|  44|0x00000000e2c00000, 0x00000000e2d00000, 0x00000000e2d00000|100%| O|  |TAMS 0x00000000e2d00000, 0x00000000e2c00000| Untracked 
|  45|0x00000000e2d00000, 0x00000000e2e00000, 0x00000000e2e00000|100%| O|  |TAMS 0x00000000e2e00000, 0x00000000e2d00000| Untracked 
|  46|0x00000000e2e00000, 0x00000000e2f00000, 0x00000000e2f00000|100%| O|  |TAMS 0x00000000e2f00000, 0x00000000e2e00000| Untracked 
|  47|0x00000000e2f00000, 0x00000000e3000000, 0x00000000e3000000|100%| O|  |TAMS 0x00000000e3000000, 0x00000000e2f00000| Untracked 
|  48|0x00000000e3000000, 0x00000000e3100000, 0x00000000e3100000|100%| O|  |TAMS 0x00000000e3100000, 0x00000000e3000000| Untracked 
|  49|0x00000000e3100000, 0x00000000e3200000, 0x00000000e3200000|100%| O|  |TAMS 0x00000000e3200000, 0x00000000e3100000| Untracked 
|  50|0x00000000e3200000, 0x00000000e3300000, 0x00000000e3300000|100%| O|  |TAMS 0x00000000e3300000, 0x00000000e3200000| Untracked 
|  51|0x00000000e3300000, 0x00000000e3400000, 0x00000000e3400000|100%| O|  |TAMS 0x00000000e3400000, 0x00000000e3300000| Untracked 
|  52|0x00000000e3400000, 0x00000000e3500000, 0x00000000e3500000|100%| O|  |TAMS 0x00000000e3500000, 0x00000000e3400000| Untracked 
|  53|0x00000000e3500000, 0x00000000e3600000, 0x00000000e3600000|100%| O|  |TAMS 0x00000000e3600000, 0x00000000e3500000| Untracked 
|  54|0x00000000e3600000, 0x00000000e3700000, 0x00000000e3700000|100%|HS|  |TAMS 0x00000000e3700000, 0x00000000e3600000| Complete 
|  55|0x00000000e3700000, 0x00000000e3800000, 0x00000000e3800000|100%| O|  |TAMS 0x00000000e3800000, 0x00000000e3700000| Untracked 
|  56|0x00000000e3800000, 0x00000000e3900000, 0x00000000e3900000|100%| O|  |TAMS 0x00000000e3900000, 0x00000000e3800000| Untracked 
|  57|0x00000000e3900000, 0x00000000e3a00000, 0x00000000e3a00000|100%| O|  |TAMS 0x00000000e3a00000, 0x00000000e3900000| Untracked 
|  58|0x00000000e3a00000, 0x00000000e3b00000, 0x00000000e3b00000|100%| O|  |TAMS 0x00000000e3b00000, 0x00000000e3a00000| Untracked 
|  59|0x00000000e3b00000, 0x00000000e3c00000, 0x00000000e3c00000|100%| O|  |TAMS 0x00000000e3c00000, 0x00000000e3b00000| Untracked 
|  60|0x00000000e3c00000, 0x00000000e3d00000, 0x00000000e3d00000|100%| O|  |TAMS 0x00000000e3d00000, 0x00000000e3c00000| Untracked 
|  61|0x00000000e3d00000, 0x00000000e3e00000, 0x00000000e3e00000|100%| O|  |TAMS 0x00000000e3e00000, 0x00000000e3d00000| Untracked 
|  62|0x00000000e3e00000, 0x00000000e3f00000, 0x00000000e3f00000|100%| O|  |TAMS 0x00000000e3f00000, 0x00000000e3e00000| Untracked 
|  63|0x00000000e3f00000, 0x00000000e4000000, 0x00000000e4000000|100%| O|  |TAMS 0x00000000e4000000, 0x00000000e3f00000| Untracked 
|  64|0x00000000e4000000, 0x00000000e4100000, 0x00000000e4100000|100%| O|  |TAMS 0x00000000e4100000, 0x00000000e4000000| Untracked 
|  65|0x00000000e4100000, 0x00000000e4200000, 0x00000000e4200000|100%| O|  |TAMS 0x00000000e4200000, 0x00000000e4100000| Untracked 
|  66|0x00000000e4200000, 0x00000000e4300000, 0x00000000e4300000|100%| O|  |TAMS 0x00000000e4300000, 0x00000000e4200000| Untracked 
|  67|0x00000000e4300000, 0x00000000e4400000, 0x00000000e4400000|100%| O|  |TAMS 0x00000000e4400000, 0x00000000e4300000| Untracked 
|  68|0x00000000e4400000, 0x00000000e4500000, 0x00000000e4500000|100%|HS|  |TAMS 0x00000000e4500000, 0x00000000e4400000| Complete 
|  69|0x00000000e4500000, 0x00000000e4600000, 0x00000000e4600000|100%| O|  |TAMS 0x00000000e4600000, 0x00000000e4500000| Untracked 
|  70|0x00000000e4600000, 0x00000000e4700000, 0x00000000e4700000|100%| O|  |TAMS 0x00000000e4700000, 0x00000000e4600000| Untracked 
|  71|0x00000000e4700000, 0x00000000e4800000, 0x00000000e4800000|100%| O|  |TAMS 0x00000000e4800000, 0x00000000e4700000| Untracked 
|  72|0x00000000e4800000, 0x00000000e4900000, 0x00000000e4900000|100%| O|  |TAMS 0x00000000e4900000, 0x00000000e4800000| Untracked 
|  73|0x00000000e4900000, 0x00000000e4a00000, 0x00000000e4a00000|100%| O|  |TAMS 0x00000000e4a00000, 0x00000000e4900000| Untracked 
|  74|0x00000000e4a00000, 0x00000000e4b00000, 0x00000000e4b00000|100%| O|  |TAMS 0x00000000e4b00000, 0x00000000e4a00000| Untracked 
|  75|0x00000000e4b00000, 0x00000000e4c00000, 0x00000000e4c00000|100%| O|  |TAMS 0x00000000e4c00000, 0x00000000e4b00000| Untracked 
|  76|0x00000000e4c00000, 0x00000000e4d00000, 0x00000000e4d00000|100%| O|  |TAMS 0x00000000e4d00000, 0x00000000e4c00000| Untracked 
|  77|0x00000000e4d00000, 0x00000000e4e00000, 0x00000000e4e00000|100%| O|  |TAMS 0x00000000e4e00000, 0x00000000e4d00000| Untracked 
|  78|0x00000000e4e00000, 0x00000000e4f00000, 0x00000000e4f00000|100%| O|  |TAMS 0x00000000e4f00000, 0x00000000e4e00000| Untracked 
|  79|0x00000000e4f00000, 0x00000000e5000000, 0x00000000e5000000|100%| O|  |TAMS 0x00000000e5000000, 0x00000000e4f00000| Untracked 
|  80|0x00000000e5000000, 0x00000000e5100000, 0x00000000e5100000|100%| O|  |TAMS 0x00000000e5100000, 0x00000000e5000000| Untracked 
|  81|0x00000000e5100000, 0x00000000e5200000, 0x00000000e5200000|100%| O|  |TAMS 0x00000000e5200000, 0x00000000e5100000| Untracked 
|  82|0x00000000e5200000, 0x00000000e5300000, 0x00000000e5300000|100%| O|  |TAMS 0x00000000e5300000, 0x00000000e5200000| Untracked 
|  83|0x00000000e5300000, 0x00000000e5400000, 0x00000000e5400000|100%| O|  |TAMS 0x00000000e5400000, 0x00000000e5300000| Untracked 
|  84|0x00000000e5400000, 0x00000000e5500000, 0x00000000e5500000|100%| O|  |TAMS 0x00000000e5500000, 0x00000000e5400000| Untracked 
|  85|0x00000000e5500000, 0x00000000e5600000, 0x00000000e5600000|100%| O|  |TAMS 0x00000000e5600000, 0x00000000e5500000| Untracked 
|  86|0x00000000e5600000, 0x00000000e5700000, 0x00000000e5700000|100%| O|  |TAMS 0x00000000e5700000, 0x00000000e5600000| Untracked 
|  87|0x00000000e5700000, 0x00000000e5800000, 0x00000000e5800000|100%| O|  |TAMS 0x00000000e5800000, 0x00000000e5700000| Untracked 
|  88|0x00000000e5800000, 0x00000000e5900000, 0x00000000e5900000|100%| O|  |TAMS 0x00000000e5900000, 0x00000000e5800000| Untracked 
|  89|0x00000000e5900000, 0x00000000e5a00000, 0x00000000e5a00000|100%| O|  |TAMS 0x00000000e5a00000, 0x00000000e5900000| Untracked 
|  90|0x00000000e5a00000, 0x00000000e5b00000, 0x00000000e5b00000|100%| O|  |TAMS 0x00000000e5b00000, 0x00000000e5a00000| Untracked 
|  91|0x00000000e5b00000, 0x00000000e5c00000, 0x00000000e5c00000|100%| O|  |TAMS 0x00000000e5c00000, 0x00000000e5b00000| Untracked 
|  92|0x00000000e5c00000, 0x00000000e5d00000, 0x00000000e5d00000|100%| O|  |TAMS 0x00000000e5d00000, 0x00000000e5c00000| Untracked 
|  93|0x00000000e5d00000, 0x00000000e5e00000, 0x00000000e5e00000|100%| O|  |TAMS 0x00000000e5e00000, 0x00000000e5d00000| Untracked 
|  94|0x00000000e5e00000, 0x00000000e5f00000, 0x00000000e5f00000|100%| O|  |TAMS 0x00000000e5f00000, 0x00000000e5e00000| Untracked 
|  95|0x00000000e5f00000, 0x00000000e6000000, 0x00000000e6000000|100%| O|  |TAMS 0x00000000e6000000, 0x00000000e5f00000| Untracked 
|  96|0x00000000e6000000, 0x00000000e6100000, 0x00000000e6100000|100%| O|  |TAMS 0x00000000e6100000, 0x00000000e6000000| Untracked 
|  97|0x00000000e6100000, 0x00000000e6200000, 0x00000000e6200000|100%| O|  |TAMS 0x00000000e6200000, 0x00000000e6100000| Untracked 
|  98|0x00000000e6200000, 0x00000000e6300000, 0x00000000e6300000|100%| O|  |TAMS 0x00000000e6300000, 0x00000000e6200000| Untracked 
|  99|0x00000000e6300000, 0x00000000e6400000, 0x00000000e6400000|100%| O|  |TAMS 0x00000000e6400000, 0x00000000e6300000| Untracked 
| 100|0x00000000e6400000, 0x00000000e6500000, 0x00000000e6500000|100%| O|  |TAMS 0x00000000e6500000, 0x00000000e6400000| Untracked 
| 101|0x00000000e6500000, 0x00000000e6600000, 0x00000000e6600000|100%| O|  |TAMS 0x00000000e6600000, 0x00000000e6500000| Untracked 
| 102|0x00000000e6600000, 0x00000000e6700000, 0x00000000e6700000|100%| O|  |TAMS 0x00000000e6700000, 0x00000000e6600000| Untracked 
| 103|0x00000000e6700000, 0x00000000e6800000, 0x00000000e6800000|100%| O|  |TAMS 0x00000000e6800000, 0x00000000e6700000| Untracked 
| 104|0x00000000e6800000, 0x00000000e6900000, 0x00000000e6900000|100%| O|  |TAMS 0x00000000e6900000, 0x00000000e6800000| Untracked 
| 105|0x00000000e6900000, 0x00000000e6a00000, 0x00000000e6a00000|100%| O|  |TAMS 0x00000000e6a00000, 0x00000000e6900000| Untracked 
| 106|0x00000000e6a00000, 0x00000000e6b00000, 0x00000000e6b00000|100%| O|  |TAMS 0x00000000e6b00000, 0x00000000e6a00000| Untracked 
| 107|0x00000000e6b00000, 0x00000000e6c00000, 0x00000000e6c00000|100%| O|  |TAMS 0x00000000e6c00000, 0x00000000e6b00000| Untracked 
| 108|0x00000000e6c00000, 0x00000000e6d00000, 0x00000000e6d00000|100%| O|  |TAMS 0x00000000e6d00000, 0x00000000e6c00000| Untracked 
| 109|0x00000000e6d00000, 0x00000000e6e00000, 0x00000000e6e00000|100%| O|  |TAMS 0x00000000e6e00000, 0x00000000e6d00000| Untracked 
| 110|0x00000000e6e00000, 0x00000000e6f00000, 0x00000000e6f00000|100%| O|  |TAMS 0x00000000e6f00000, 0x00000000e6e00000| Untracked 
| 111|0x00000000e6f00000, 0x00000000e7000000, 0x00000000e7000000|100%| O|  |TAMS 0x00000000e7000000, 0x00000000e6f00000| Untracked 
| 112|0x00000000e7000000, 0x00000000e7100000, 0x00000000e7100000|100%| O|  |TAMS 0x00000000e7100000, 0x00000000e7000000| Untracked 
| 113|0x00000000e7100000, 0x00000000e7200000, 0x00000000e7200000|100%| O|  |TAMS 0x00000000e7200000, 0x00000000e7100000| Untracked 
| 114|0x00000000e7200000, 0x00000000e7300000, 0x00000000e7300000|100%| O|  |TAMS 0x00000000e7300000, 0x00000000e7200000| Untracked 
| 115|0x00000000e7300000, 0x00000000e7400000, 0x00000000e7400000|100%| O|  |TAMS 0x00000000e7400000, 0x00000000e7300000| Untracked 
| 116|0x00000000e7400000, 0x00000000e7500000, 0x00000000e7500000|100%| O|  |TAMS 0x00000000e7500000, 0x00000000e7400000| Untracked 
| 117|0x00000000e7500000, 0x00000000e7600000, 0x00000000e7600000|100%| O|  |TAMS 0x00000000e7600000, 0x00000000e7500000| Untracked 
| 118|0x00000000e7600000, 0x00000000e7700000, 0x00000000e7700000|100%| O|  |TAMS 0x00000000e7700000, 0x00000000e7600000| Untracked 
| 119|0x00000000e7700000, 0x00000000e7800000, 0x00000000e7800000|100%| O|  |TAMS 0x00000000e7800000, 0x00000000e7700000| Untracked 
| 120|0x00000000e7800000, 0x00000000e7900000, 0x00000000e7900000|100%| O|  |TAMS 0x00000000e7800000, 0x00000000e7800000| Untracked 
| 121|0x00000000e7900000, 0x00000000e7a00000, 0x00000000e7a00000|100%| O|  |TAMS 0x00000000e7a00000, 0x00000000e7900000| Untracked 
| 122|0x00000000e7a00000, 0x00000000e7b00000, 0x00000000e7b00000|100%| O|  |TAMS 0x00000000e7b00000, 0x00000000e7a00000| Untracked 
| 123|0x00000000e7b00000, 0x00000000e7c00000, 0x00000000e7c00000|100%| O|  |TAMS 0x00000000e7c00000, 0x00000000e7b00000| Untracked 
| 124|0x00000000e7c00000, 0x00000000e7d00000, 0x00000000e7d00000|100%| O|  |TAMS 0x00000000e7d00000, 0x00000000e7c00000| Untracked 
| 125|0x00000000e7d00000, 0x00000000e7e00000, 0x00000000e7e00000|100%| O|  |TAMS 0x00000000e7e00000, 0x00000000e7d00000| Untracked 
| 126|0x00000000e7e00000, 0x00000000e7f00000, 0x00000000e7f00000|100%| O|  |TAMS 0x00000000e7f00000, 0x00000000e7e00000| Untracked 
| 127|0x00000000e7f00000, 0x00000000e8000000, 0x00000000e8000000|100%| O|  |TAMS 0x00000000e8000000, 0x00000000e7f00000| Untracked 
| 128|0x00000000e8000000, 0x00000000e8100000, 0x00000000e8100000|100%| O|  |TAMS 0x00000000e8100000, 0x00000000e8000000| Untracked 
| 129|0x00000000e8100000, 0x00000000e8200000, 0x00000000e8200000|100%| O|  |TAMS 0x00000000e8100000, 0x00000000e8100000| Untracked 
| 130|0x00000000e8200000, 0x00000000e8300000, 0x00000000e8300000|100%| O|  |TAMS 0x00000000e8300000, 0x00000000e8200000| Untracked 
| 131|0x00000000e8300000, 0x00000000e8400000, 0x00000000e8400000|100%| O|  |TAMS 0x00000000e8400000, 0x00000000e8300000| Untracked 
| 132|0x00000000e8400000, 0x00000000e8500000, 0x00000000e8500000|100%| O|  |TAMS 0x00000000e8500000, 0x00000000e8400000| Untracked 
| 133|0x00000000e8500000, 0x00000000e8600000, 0x00000000e8600000|100%| O|  |TAMS 0x00000000e8600000, 0x00000000e8500000| Untracked 
| 134|0x00000000e8600000, 0x00000000e8700000, 0x00000000e8700000|100%| O|  |TAMS 0x00000000e8700000, 0x00000000e8600000| Untracked 
| 135|0x00000000e8700000, 0x00000000e8800000, 0x00000000e8800000|100%| O|  |TAMS 0x00000000e8800000, 0x00000000e8700000| Untracked 
| 136|0x00000000e8800000, 0x00000000e8900000, 0x00000000e8900000|100%| O|  |TAMS 0x00000000e8900000, 0x00000000e8800000| Untracked 
| 137|0x00000000e8900000, 0x00000000e8a00000, 0x00000000e8a00000|100%| O|  |TAMS 0x00000000e8a00000, 0x00000000e8900000| Untracked 
| 138|0x00000000e8a00000, 0x00000000e8b00000, 0x00000000e8b00000|100%| O|  |TAMS 0x00000000e8b00000, 0x00000000e8a00000| Untracked 
| 139|0x00000000e8b00000, 0x00000000e8c00000, 0x00000000e8c00000|100%| O|  |TAMS 0x00000000e8c00000, 0x00000000e8b00000| Untracked 
| 140|0x00000000e8c00000, 0x00000000e8d00000, 0x00000000e8d00000|100%| O|  |TAMS 0x00000000e8d00000, 0x00000000e8c00000| Untracked 
| 141|0x00000000e8d00000, 0x00000000e8e00000, 0x00000000e8e00000|100%| O|  |TAMS 0x00000000e8e00000, 0x00000000e8d00000| Untracked 
| 142|0x00000000e8e00000, 0x00000000e8f00000, 0x00000000e8f00000|100%| O|  |TAMS 0x00000000e8f00000, 0x00000000e8e00000| Untracked 
| 143|0x00000000e8f00000, 0x00000000e9000000, 0x00000000e9000000|100%| O|  |TAMS 0x00000000e9000000, 0x00000000e8f00000| Untracked 
| 144|0x00000000e9000000, 0x00000000e9100000, 0x00000000e9100000|100%| O|  |TAMS 0x00000000e9100000, 0x00000000e9000000| Untracked 
| 145|0x00000000e9100000, 0x00000000e9200000, 0x00000000e9200000|100%| O|  |TAMS 0x00000000e9200000, 0x00000000e9100000| Untracked 
| 146|0x00000000e9200000, 0x00000000e9300000, 0x00000000e9300000|100%| O|  |TAMS 0x00000000e9300000, 0x00000000e9200000| Untracked 
| 147|0x00000000e9300000, 0x00000000e9400000, 0x00000000e9400000|100%| O|  |TAMS 0x00000000e9400000, 0x00000000e9300000| Untracked 
| 148|0x00000000e9400000, 0x00000000e9500000, 0x00000000e9500000|100%| O|  |TAMS 0x00000000e9500000, 0x00000000e9400000| Untracked 
| 149|0x00000000e9500000, 0x00000000e9600000, 0x00000000e9600000|100%| O|  |TAMS 0x00000000e9600000, 0x00000000e9500000| Untracked 
| 150|0x00000000e9600000, 0x00000000e9700000, 0x00000000e9700000|100%| O|  |TAMS 0x00000000e9700000, 0x00000000e9600000| Untracked 
| 151|0x00000000e9700000, 0x00000000e9800000, 0x00000000e9800000|100%| O|  |TAMS 0x00000000e9800000, 0x00000000e9700000| Untracked 
| 152|0x00000000e9800000, 0x00000000e9900000, 0x00000000e9900000|100%| O|  |TAMS 0x00000000e9900000, 0x00000000e9800000| Untracked 
| 153|0x00000000e9900000, 0x00000000e9a00000, 0x00000000e9a00000|100%| O|  |TAMS 0x00000000e9900000, 0x00000000e9900000| Untracked 
| 154|0x00000000e9a00000, 0x00000000e9b00000, 0x00000000e9b00000|100%| O|  |TAMS 0x00000000e9a00000, 0x00000000e9a00000| Untracked 
| 155|0x00000000e9b00000, 0x00000000e9b00000, 0x00000000e9c00000|  0%| F|  |TAMS 0x00000000e9b00000, 0x00000000e9b00000| Untracked 
| 156|0x00000000e9c00000, 0x00000000e9d00000, 0x00000000e9d00000|100%| O|  |TAMS 0x00000000e9d00000, 0x00000000e9c00000| Untracked 
| 157|0x00000000e9d00000, 0x00000000e9e00000, 0x00000000e9e00000|100%| O|  |TAMS 0x00000000e9e00000, 0x00000000e9d00000| Untracked 
| 158|0x00000000e9e00000, 0x00000000e9f00000, 0x00000000e9f00000|100%| O|  |TAMS 0x00000000e9f00000, 0x00000000e9e00000| Untracked 
| 159|0x00000000e9f00000, 0x00000000ea000000, 0x00000000ea000000|100%| O|  |TAMS 0x00000000ea000000, 0x00000000e9f00000| Untracked 
| 160|0x00000000ea000000, 0x00000000ea100000, 0x00000000ea100000|100%|HS|  |TAMS 0x00000000ea100000, 0x00000000ea000000| Complete 
| 161|0x00000000ea100000, 0x00000000ea200000, 0x00000000ea200000|100%| O|  |TAMS 0x00000000ea200000, 0x00000000ea100000| Untracked 
| 162|0x00000000ea200000, 0x00000000ea300000, 0x00000000ea300000|100%| O|  |TAMS 0x00000000ea200000, 0x00000000ea200000| Untracked 
| 163|0x00000000ea300000, 0x00000000ea400000, 0x00000000ea400000|100%| O|  |TAMS 0x00000000ea300000, 0x00000000ea300000| Untracked 
| 164|0x00000000ea400000, 0x00000000ea500000, 0x00000000ea500000|100%| O|  |TAMS 0x00000000ea400000, 0x00000000ea400000| Untracked 
| 165|0x00000000ea500000, 0x00000000ea600000, 0x00000000ea600000|100%| O|  |TAMS 0x00000000ea500000, 0x00000000ea500000| Untracked 
| 166|0x00000000ea600000, 0x00000000ea700000, 0x00000000ea700000|100%| O|  |TAMS 0x00000000ea600000, 0x00000000ea600000| Untracked 
| 167|0x00000000ea700000, 0x00000000ea800000, 0x00000000ea800000|100%| O|  |TAMS 0x00000000ea800000, 0x00000000ea700000| Untracked 
| 168|0x00000000ea800000, 0x00000000ea900000, 0x00000000ea900000|100%| O|  |TAMS 0x00000000ea800000, 0x00000000ea800000| Untracked 
| 169|0x00000000ea900000, 0x00000000eaa00000, 0x00000000eaa00000|100%|HS|  |TAMS 0x00000000eaa00000, 0x00000000ea900000| Complete 
| 170|0x00000000eaa00000, 0x00000000eab00000, 0x00000000eab00000|100%| O|  |TAMS 0x00000000eaa00000, 0x00000000eaa00000| Untracked 
| 171|0x00000000eab00000, 0x00000000eac00000, 0x00000000eac00000|100%| O|  |TAMS 0x00000000eab00000, 0x00000000eab00000| Untracked 
| 172|0x00000000eac00000, 0x00000000ead00000, 0x00000000ead00000|100%| O|  |TAMS 0x00000000ead00000, 0x00000000eac00000| Untracked 
| 173|0x00000000ead00000, 0x00000000eae00000, 0x00000000eae00000|100%| O|  |TAMS 0x00000000eae00000, 0x00000000ead00000| Untracked 
| 174|0x00000000eae00000, 0x00000000eaf00000, 0x00000000eaf00000|100%| O|  |TAMS 0x00000000eaf00000, 0x00000000eae00000| Untracked 
| 175|0x00000000eaf00000, 0x00000000eb000000, 0x00000000eb000000|100%| O|  |TAMS 0x00000000eb000000, 0x00000000eaf00000| Untracked 
| 176|0x00000000eb000000, 0x00000000eb100000, 0x00000000eb100000|100%| O|  |TAMS 0x00000000eb100000, 0x00000000eb000000| Untracked 
| 177|0x00000000eb100000, 0x00000000eb200000, 0x00000000eb200000|100%|HS|  |TAMS 0x00000000eb200000, 0x00000000eb100000| Complete 
| 178|0x00000000eb200000, 0x00000000eb300000, 0x00000000eb300000|100%|HC|  |TAMS 0x00000000eb300000, 0x00000000eb200000| Complete 
| 179|0x00000000eb300000, 0x00000000eb400000, 0x00000000eb400000|100%|HS|  |TAMS 0x00000000eb400000, 0x00000000eb300000| Complete 
| 180|0x00000000eb400000, 0x00000000eb500000, 0x00000000eb500000|100%|HC|  |TAMS 0x00000000eb500000, 0x00000000eb400000| Complete 
| 181|0x00000000eb500000, 0x00000000eb600000, 0x00000000eb600000|100%|HS|  |TAMS 0x00000000eb600000, 0x00000000eb500000| Complete 
| 182|0x00000000eb600000, 0x00000000eb700000, 0x00000000eb700000|100%| O|  |TAMS 0x00000000eb700000, 0x00000000eb600000| Untracked 
| 183|0x00000000eb700000, 0x00000000eb800000, 0x00000000eb800000|100%| O|  |TAMS 0x00000000eb800000, 0x00000000eb700000| Untracked 
| 184|0x00000000eb800000, 0x00000000eb900000, 0x00000000eb900000|100%| O|  |TAMS 0x00000000eb900000, 0x00000000eb800000| Untracked 
| 185|0x00000000eb900000, 0x00000000eba00000, 0x00000000eba00000|100%|HS|  |TAMS 0x00000000eba00000, 0x00000000eb900000| Complete 
| 186|0x00000000eba00000, 0x00000000ebb00000, 0x00000000ebb00000|100%|HC|  |TAMS 0x00000000ebb00000, 0x00000000eba00000| Complete 
| 187|0x00000000ebb00000, 0x00000000ebc00000, 0x00000000ebc00000|100%|HC|  |TAMS 0x00000000ebc00000, 0x00000000ebb00000| Complete 
| 188|0x00000000ebc00000, 0x00000000ebd00000, 0x00000000ebd00000|100%|HC|  |TAMS 0x00000000ebd00000, 0x00000000ebc00000| Complete 
| 189|0x00000000ebd00000, 0x00000000ebe00000, 0x00000000ebe00000|100%| O|  |TAMS 0x00000000ebe00000, 0x00000000ebd00000| Untracked 
| 190|0x00000000ebe00000, 0x00000000ebf00000, 0x00000000ebf00000|100%|HS|  |TAMS 0x00000000ebf00000, 0x00000000ebe00000| Complete 
| 191|0x00000000ebf00000, 0x00000000ec000000, 0x00000000ec000000|100%|HS|  |TAMS 0x00000000ec000000, 0x00000000ebf00000| Complete 
| 192|0x00000000ec000000, 0x00000000ec100000, 0x00000000ec100000|100%| O|  |TAMS 0x00000000ec000000, 0x00000000ec000000| Untracked 
| 193|0x00000000ec100000, 0x00000000ec100000, 0x00000000ec200000|  0%| F|  |TAMS 0x00000000ec100000, 0x00000000ec100000| Untracked 
| 194|0x00000000ec200000, 0x00000000ec300000, 0x00000000ec300000|100%| O|  |TAMS 0x00000000ec200000, 0x00000000ec200000| Untracked 
| 195|0x00000000ec300000, 0x00000000ec400000, 0x00000000ec400000|100%| O|  |TAMS 0x00000000ec300000, 0x00000000ec300000| Untracked 
| 196|0x00000000ec400000, 0x00000000ec500000, 0x00000000ec500000|100%| O|  |TAMS 0x00000000ec400000, 0x00000000ec400000| Untracked 
| 197|0x00000000ec500000, 0x00000000ec600000, 0x00000000ec600000|100%| O|  |TAMS 0x00000000ec500000, 0x00000000ec500000| Untracked 
| 198|0x00000000ec600000, 0x00000000ec700000, 0x00000000ec700000|100%| O|  |TAMS 0x00000000ec600000, 0x00000000ec600000| Untracked 
| 199|0x00000000ec700000, 0x00000000ec800000, 0x00000000ec800000|100%| O|  |TAMS 0x00000000ec700000, 0x00000000ec700000| Untracked 
| 200|0x00000000ec800000, 0x00000000ec900000, 0x00000000ec900000|100%| O|  |TAMS 0x00000000ec800000, 0x00000000ec800000| Untracked 
| 201|0x00000000ec900000, 0x00000000eca00000, 0x00000000eca00000|100%| O|  |TAMS 0x00000000ec900000, 0x00000000ec900000| Untracked 
| 202|0x00000000eca00000, 0x00000000ecb00000, 0x00000000ecb00000|100%| O|  |TAMS 0x00000000eca00000, 0x00000000eca00000| Untracked 
| 203|0x00000000ecb00000, 0x00000000ecc00000, 0x00000000ecc00000|100%| O|  |TAMS 0x00000000ecb00000, 0x00000000ecb00000| Untracked 
| 204|0x00000000ecc00000, 0x00000000ecd00000, 0x00000000ecd00000|100%| O|  |TAMS 0x00000000ecc00000, 0x00000000ecc00000| Untracked 
| 205|0x00000000ecd00000, 0x00000000ecd94000, 0x00000000ece00000| 57%| O|  |TAMS 0x00000000ecd00000, 0x00000000ecd00000| Untracked 
| 206|0x00000000ece00000, 0x00000000ece00000, 0x00000000ecf00000|  0%| F|  |TAMS 0x00000000ece00000, 0x00000000ece00000| Untracked 
| 207|0x00000000ecf00000, 0x00000000ecf00000, 0x00000000ed000000|  0%| F|  |TAMS 0x00000000ecf00000, 0x00000000ecf00000| Untracked 
| 208|0x00000000ed000000, 0x00000000ed000000, 0x00000000ed100000|  0%| F|  |TAMS 0x00000000ed000000, 0x00000000ed000000| Untracked 
| 209|0x00000000ed100000, 0x00000000ed100000, 0x00000000ed200000|  0%| F|  |TAMS 0x00000000ed100000, 0x00000000ed100000| Untracked 
| 210|0x00000000ed200000, 0x00000000ed300000, 0x00000000ed300000|100%| O|  |TAMS 0x00000000ed300000, 0x00000000ed200000| Untracked 
| 211|0x00000000ed300000, 0x00000000ed400000, 0x00000000ed400000|100%| O|  |TAMS 0x00000000ed400000, 0x00000000ed300000| Untracked 
| 212|0x00000000ed400000, 0x00000000ed500000, 0x00000000ed500000|100%| O|  |TAMS 0x00000000ed500000, 0x00000000ed400000| Untracked 
| 213|0x00000000ed500000, 0x00000000ed600000, 0x00000000ed600000|100%| O|  |TAMS 0x00000000ed600000, 0x00000000ed500000| Untracked 
| 214|0x00000000ed600000, 0x00000000ed700000, 0x00000000ed700000|100%| O|  |TAMS 0x00000000ed700000, 0x00000000ed600000| Untracked 
| 215|0x00000000ed700000, 0x00000000ed700000, 0x00000000ed800000|  0%| F|  |TAMS 0x00000000ed700000, 0x00000000ed700000| Untracked 
| 216|0x00000000ed800000, 0x00000000ed900000, 0x00000000ed900000|100%|HS|  |TAMS 0x00000000ed900000, 0x00000000ed800000| Complete 
| 217|0x00000000ed900000, 0x00000000eda00000, 0x00000000eda00000|100%|HC|  |TAMS 0x00000000eda00000, 0x00000000ed900000| Complete 
| 218|0x00000000eda00000, 0x00000000edb00000, 0x00000000edb00000|100%|HC|  |TAMS 0x00000000edb00000, 0x00000000eda00000| Complete 
| 219|0x00000000edb00000, 0x00000000edc00000, 0x00000000edc00000|100%|HC|  |TAMS 0x00000000edc00000, 0x00000000edb00000| Complete 
| 220|0x00000000edc00000, 0x00000000edd00000, 0x00000000edd00000|100%| O|  |TAMS 0x00000000edd00000, 0x00000000edc00000| Untracked 
| 221|0x00000000edd00000, 0x00000000ede00000, 0x00000000ede00000|100%| O|  |TAMS 0x00000000ede00000, 0x00000000edd00000| Untracked 
| 222|0x00000000ede00000, 0x00000000edf00000, 0x00000000edf00000|100%| O|  |TAMS 0x00000000edf00000, 0x00000000ede00000| Untracked 
| 223|0x00000000edf00000, 0x00000000ee000000, 0x00000000ee000000|100%| O|  |TAMS 0x00000000ee000000, 0x00000000edf00000| Untracked 
| 224|0x00000000ee000000, 0x00000000ee100000, 0x00000000ee100000|100%| O|  |TAMS 0x00000000ee100000, 0x00000000ee000000| Untracked 
| 225|0x00000000ee100000, 0x00000000ee200000, 0x00000000ee200000|100%| O|  |TAMS 0x00000000ee200000, 0x00000000ee100000| Untracked 
| 226|0x00000000ee200000, 0x00000000ee300000, 0x00000000ee300000|100%| O|  |TAMS 0x00000000ee300000, 0x00000000ee200000| Untracked 
| 227|0x00000000ee300000, 0x00000000ee400000, 0x00000000ee400000|100%| O|  |TAMS 0x00000000ee400000, 0x00000000ee300000| Untracked 
| 228|0x00000000ee400000, 0x00000000ee500000, 0x00000000ee500000|100%| O|  |TAMS 0x00000000ee500000, 0x00000000ee400000| Untracked 
| 229|0x00000000ee500000, 0x00000000ee600000, 0x00000000ee600000|100%| O|  |TAMS 0x00000000ee600000, 0x00000000ee500000| Untracked 
| 230|0x00000000ee600000, 0x00000000ee700000, 0x00000000ee700000|100%| O|  |TAMS 0x00000000ee700000, 0x00000000ee600000| Untracked 
| 231|0x00000000ee700000, 0x00000000ee800000, 0x00000000ee800000|100%| O|  |TAMS 0x00000000ee800000, 0x00000000ee700000| Untracked 
| 232|0x00000000ee800000, 0x00000000ee900000, 0x00000000ee900000|100%| O|  |TAMS 0x00000000ee900000, 0x00000000ee800000| Untracked 
| 233|0x00000000ee900000, 0x00000000eea00000, 0x00000000eea00000|100%| O|  |TAMS 0x00000000eea00000, 0x00000000ee900000| Untracked 
| 234|0x00000000eea00000, 0x00000000eeb00000, 0x00000000eeb00000|100%| O|  |TAMS 0x00000000eeb00000, 0x00000000eea00000| Untracked 
| 235|0x00000000eeb00000, 0x00000000eec00000, 0x00000000eec00000|100%| O|  |TAMS 0x00000000eec00000, 0x00000000eeb00000| Untracked 
| 236|0x00000000eec00000, 0x00000000eed00000, 0x00000000eed00000|100%| O|  |TAMS 0x00000000eed00000, 0x00000000eec00000| Untracked 
| 237|0x00000000eed00000, 0x00000000eee00000, 0x00000000eee00000|100%| O|  |TAMS 0x00000000eee00000, 0x00000000eed00000| Untracked 
| 238|0x00000000eee00000, 0x00000000eef00000, 0x00000000eef00000|100%| O|  |TAMS 0x00000000eef00000, 0x00000000eee00000| Untracked 
| 239|0x00000000eef00000, 0x00000000ef000000, 0x00000000ef000000|100%| O|  |TAMS 0x00000000ef000000, 0x00000000eef00000| Untracked 
| 240|0x00000000ef000000, 0x00000000ef100000, 0x00000000ef100000|100%| O|  |TAMS 0x00000000ef100000, 0x00000000ef000000| Untracked 
| 241|0x00000000ef100000, 0x00000000ef200000, 0x00000000ef200000|100%| O|  |TAMS 0x00000000ef200000, 0x00000000ef100000| Untracked 
| 242|0x00000000ef200000, 0x00000000ef300000, 0x00000000ef300000|100%| O|  |TAMS 0x00000000ef300000, 0x00000000ef200000| Untracked 
| 243|0x00000000ef300000, 0x00000000ef400000, 0x00000000ef400000|100%| O|  |TAMS 0x00000000ef400000, 0x00000000ef300000| Untracked 
| 244|0x00000000ef400000, 0x00000000ef500000, 0x00000000ef500000|100%| O|  |TAMS 0x00000000ef500000, 0x00000000ef400000| Untracked 
| 245|0x00000000ef500000, 0x00000000ef600000, 0x00000000ef600000|100%| O|  |TAMS 0x00000000ef600000, 0x00000000ef500000| Untracked 
| 246|0x00000000ef600000, 0x00000000ef700000, 0x00000000ef700000|100%| O|  |TAMS 0x00000000ef700000, 0x00000000ef600000| Untracked 
| 247|0x00000000ef700000, 0x00000000ef800000, 0x00000000ef800000|100%| O|  |TAMS 0x00000000ef800000, 0x00000000ef700000| Untracked 
| 248|0x00000000ef800000, 0x00000000ef900000, 0x00000000ef900000|100%| O|  |TAMS 0x00000000ef900000, 0x00000000ef800000| Untracked 
| 249|0x00000000ef900000, 0x00000000efa00000, 0x00000000efa00000|100%| O|  |TAMS 0x00000000efa00000, 0x00000000ef900000| Untracked 
| 250|0x00000000efa00000, 0x00000000efb00000, 0x00000000efb00000|100%| O|  |TAMS 0x00000000efb00000, 0x00000000efa00000| Untracked 
| 251|0x00000000efb00000, 0x00000000efc00000, 0x00000000efc00000|100%| O|  |TAMS 0x00000000efc00000, 0x00000000efb00000| Untracked 
| 252|0x00000000efc00000, 0x00000000efd00000, 0x00000000efd00000|100%| O|  |TAMS 0x00000000efd00000, 0x00000000efc00000| Untracked 
| 253|0x00000000efd00000, 0x00000000efe00000, 0x00000000efe00000|100%| O|  |TAMS 0x00000000efe00000, 0x00000000efd00000| Untracked 
| 254|0x00000000efe00000, 0x00000000eff00000, 0x00000000eff00000|100%| O|  |TAMS 0x00000000eff00000, 0x00000000efe00000| Untracked 
| 255|0x00000000eff00000, 0x00000000f0000000, 0x00000000f0000000|100%| O|  |TAMS 0x00000000f0000000, 0x00000000eff00000| Untracked 
| 256|0x00000000f0000000, 0x00000000f0100000, 0x00000000f0100000|100%| O|  |TAMS 0x00000000f0100000, 0x00000000f0000000| Untracked 
| 257|0x00000000f0100000, 0x00000000f0200000, 0x00000000f0200000|100%| O|  |TAMS 0x00000000f0200000, 0x00000000f0100000| Untracked 
| 258|0x00000000f0200000, 0x00000000f0300000, 0x00000000f0300000|100%| O|  |TAMS 0x00000000f0300000, 0x00000000f0200000| Untracked 
| 259|0x00000000f0300000, 0x00000000f0400000, 0x00000000f0400000|100%| O|  |TAMS 0x00000000f0400000, 0x00000000f0300000| Untracked 
| 260|0x00000000f0400000, 0x00000000f0500000, 0x00000000f0500000|100%| O|  |TAMS 0x00000000f0500000, 0x00000000f0400000| Untracked 
| 261|0x00000000f0500000, 0x00000000f0600000, 0x00000000f0600000|100%| O|  |TAMS 0x00000000f0600000, 0x00000000f0500000| Untracked 
| 262|0x00000000f0600000, 0x00000000f0700000, 0x00000000f0700000|100%| O|  |TAMS 0x00000000f0700000, 0x00000000f0600000| Untracked 
| 263|0x00000000f0700000, 0x00000000f0700000, 0x00000000f0800000|  0%| F|  |TAMS 0x00000000f0700000, 0x00000000f0700000| Untracked 
| 264|0x00000000f0800000, 0x00000000f0900000, 0x00000000f0900000|100%|HS|  |TAMS 0x00000000f0900000, 0x00000000f0800000| Complete 
| 265|0x00000000f0900000, 0x00000000f0a00000, 0x00000000f0a00000|100%| O|  |TAMS 0x00000000f0900000, 0x00000000f0900000| Untracked 
| 266|0x00000000f0a00000, 0x00000000f0b00000, 0x00000000f0b00000|100%| O|  |TAMS 0x00000000f0a00000, 0x00000000f0a00000| Untracked 
| 267|0x00000000f0b00000, 0x00000000f0c00000, 0x00000000f0c00000|100%| O|  |TAMS 0x00000000f0b00000, 0x00000000f0b00000| Untracked 
| 268|0x00000000f0c00000, 0x00000000f0d00000, 0x00000000f0d00000|100%| O|  |TAMS 0x00000000f0c00000, 0x00000000f0c00000| Untracked 
| 269|0x00000000f0d00000, 0x00000000f0e00000, 0x00000000f0e00000|100%| O|  |TAMS 0x00000000f0d00000, 0x00000000f0d00000| Untracked 
| 270|0x00000000f0e00000, 0x00000000f0f00000, 0x00000000f0f00000|100%| O|  |TAMS 0x00000000f0e00000, 0x00000000f0e00000| Untracked 
| 271|0x00000000f0f00000, 0x00000000f1000000, 0x00000000f1000000|100%| O|  |TAMS 0x00000000f0f00000, 0x00000000f0f00000| Untracked 
| 272|0x00000000f1000000, 0x00000000f1100000, 0x00000000f1100000|100%| O|  |TAMS 0x00000000f1000000, 0x00000000f1000000| Untracked 
| 273|0x00000000f1100000, 0x00000000f1200000, 0x00000000f1200000|100%| O|  |TAMS 0x00000000f1100000, 0x00000000f1100000| Untracked 
| 274|0x00000000f1200000, 0x00000000f1300000, 0x00000000f1300000|100%| O|  |TAMS 0x00000000f1200000, 0x00000000f1200000| Untracked 
| 275|0x00000000f1300000, 0x00000000f1400000, 0x00000000f1400000|100%| O|  |TAMS 0x00000000f1300000, 0x00000000f1300000| Untracked 
| 276|0x00000000f1400000, 0x00000000f1500000, 0x00000000f1500000|100%| O|  |TAMS 0x00000000f1400000, 0x00000000f1400000| Untracked 
| 277|0x00000000f1500000, 0x00000000f1600000, 0x00000000f1600000|100%| O|  |TAMS 0x00000000f1500000, 0x00000000f1500000| Untracked 
| 278|0x00000000f1600000, 0x00000000f1700000, 0x00000000f1700000|100%| O|  |TAMS 0x00000000f1600000, 0x00000000f1600000| Untracked 
| 279|0x00000000f1700000, 0x00000000f1800000, 0x00000000f1800000|100%| O|  |TAMS 0x00000000f1700000, 0x00000000f1700000| Untracked 
| 280|0x00000000f1800000, 0x00000000f1900000, 0x00000000f1900000|100%| O|  |TAMS 0x00000000f1800000, 0x00000000f1800000| Untracked 
| 281|0x00000000f1900000, 0x00000000f1a00000, 0x00000000f1a00000|100%| O|  |TAMS 0x00000000f1900000, 0x00000000f1900000| Untracked 
| 282|0x00000000f1a00000, 0x00000000f1b00000, 0x00000000f1b00000|100%| O|  |TAMS 0x00000000f1a00000, 0x00000000f1a00000| Untracked 
| 283|0x00000000f1b00000, 0x00000000f1c00000, 0x00000000f1c00000|100%| O|  |TAMS 0x00000000f1b00000, 0x00000000f1b00000| Untracked 
| 284|0x00000000f1c00000, 0x00000000f1d00000, 0x00000000f1d00000|100%| O|  |TAMS 0x00000000f1c00000, 0x00000000f1c00000| Untracked 
| 285|0x00000000f1d00000, 0x00000000f1e00000, 0x00000000f1e00000|100%| O|  |TAMS 0x00000000f1d00000, 0x00000000f1d00000| Untracked 
| 286|0x00000000f1e00000, 0x00000000f1f00000, 0x00000000f1f00000|100%| O|  |TAMS 0x00000000f1e00000, 0x00000000f1e00000| Untracked 
| 287|0x00000000f1f00000, 0x00000000f2000000, 0x00000000f2000000|100%| O|  |TAMS 0x00000000f1f00000, 0x00000000f1f00000| Untracked 
| 288|0x00000000f2000000, 0x00000000f2100000, 0x00000000f2100000|100%| O|  |TAMS 0x00000000f2000000, 0x00000000f2000000| Untracked 
| 289|0x00000000f2100000, 0x00000000f2200000, 0x00000000f2200000|100%| O|  |TAMS 0x00000000f2100000, 0x00000000f2100000| Untracked 
| 290|0x00000000f2200000, 0x00000000f2300000, 0x00000000f2300000|100%| O|  |TAMS 0x00000000f2200000, 0x00000000f2200000| Untracked 
| 291|0x00000000f2300000, 0x00000000f2400000, 0x00000000f2400000|100%| O|  |TAMS 0x00000000f2300000, 0x00000000f2300000| Untracked 
| 292|0x00000000f2400000, 0x00000000f2500000, 0x00000000f2500000|100%| O|  |TAMS 0x00000000f2400000, 0x00000000f2400000| Untracked 
| 293|0x00000000f2500000, 0x00000000f2500000, 0x00000000f2600000|  0%| F|  |TAMS 0x00000000f2500000, 0x00000000f2500000| Untracked 
| 294|0x00000000f2600000, 0x00000000f2600000, 0x00000000f2700000|  0%| F|  |TAMS 0x00000000f2600000, 0x00000000f2600000| Untracked 
| 295|0x00000000f2700000, 0x00000000f2700000, 0x00000000f2800000|  0%| F|  |TAMS 0x00000000f2700000, 0x00000000f2700000| Untracked 
| 296|0x00000000f2800000, 0x00000000f2800000, 0x00000000f2900000|  0%| F|  |TAMS 0x00000000f2800000, 0x00000000f2800000| Untracked 
| 297|0x00000000f2900000, 0x00000000f2900000, 0x00000000f2a00000|  0%| F|  |TAMS 0x00000000f2900000, 0x00000000f2900000| Untracked 
| 298|0x00000000f2a00000, 0x00000000f2a00000, 0x00000000f2b00000|  0%| F|  |TAMS 0x00000000f2a00000, 0x00000000f2a00000| Untracked 
| 299|0x00000000f2b00000, 0x00000000f2b00000, 0x00000000f2c00000|  0%| F|  |TAMS 0x00000000f2b00000, 0x00000000f2b00000| Untracked 
| 300|0x00000000f2c00000, 0x00000000f2c00000, 0x00000000f2d00000|  0%| F|  |TAMS 0x00000000f2c00000, 0x00000000f2c00000| Untracked 
| 301|0x00000000f2d00000, 0x00000000f2d00000, 0x00000000f2e00000|  0%| F|  |TAMS 0x00000000f2d00000, 0x00000000f2d00000| Untracked 
| 302|0x00000000f2e00000, 0x00000000f2e00000, 0x00000000f2f00000|  0%| F|  |TAMS 0x00000000f2e00000, 0x00000000f2e00000| Untracked 
| 303|0x00000000f2f00000, 0x00000000f2f00000, 0x00000000f3000000|  0%| F|  |TAMS 0x00000000f2f00000, 0x00000000f2f00000| Untracked 
| 304|0x00000000f3000000, 0x00000000f3000000, 0x00000000f3100000|  0%| F|  |TAMS 0x00000000f3000000, 0x00000000f3000000| Untracked 
| 305|0x00000000f3100000, 0x00000000f3100000, 0x00000000f3200000|  0%| F|  |TAMS 0x00000000f3100000, 0x00000000f3100000| Untracked 
| 306|0x00000000f3200000, 0x00000000f3200000, 0x00000000f3300000|  0%| F|  |TAMS 0x00000000f3200000, 0x00000000f3200000| Untracked 
| 307|0x00000000f3300000, 0x00000000f3300000, 0x00000000f3400000|  0%| F|  |TAMS 0x00000000f3300000, 0x00000000f3300000| Untracked 
| 308|0x00000000f3400000, 0x00000000f3400000, 0x00000000f3500000|  0%| F|  |TAMS 0x00000000f3400000, 0x00000000f3400000| Untracked 
| 309|0x00000000f3500000, 0x00000000f3500000, 0x00000000f3600000|  0%| F|  |TAMS 0x00000000f3500000, 0x00000000f3500000| Untracked 
| 310|0x00000000f3600000, 0x00000000f3600000, 0x00000000f3700000|  0%| F|  |TAMS 0x00000000f3600000, 0x00000000f3600000| Untracked 
| 311|0x00000000f3700000, 0x00000000f3700000, 0x00000000f3800000|  0%| F|  |TAMS 0x00000000f3700000, 0x00000000f3700000| Untracked 
| 312|0x00000000f3800000, 0x00000000f3800000, 0x00000000f3900000|  0%| F|  |TAMS 0x00000000f3800000, 0x00000000f3800000| Untracked 
| 313|0x00000000f3900000, 0x00000000f3900000, 0x00000000f3a00000|  0%| F|  |TAMS 0x00000000f3900000, 0x00000000f3900000| Untracked 
| 314|0x00000000f3a00000, 0x00000000f3a00000, 0x00000000f3b00000|  0%| F|  |TAMS 0x00000000f3a00000, 0x00000000f3a00000| Untracked 
| 315|0x00000000f3b00000, 0x00000000f3b00000, 0x00000000f3c00000|  0%| F|  |TAMS 0x00000000f3b00000, 0x00000000f3b00000| Untracked 
| 316|0x00000000f3c00000, 0x00000000f3c00000, 0x00000000f3d00000|  0%| F|  |TAMS 0x00000000f3c00000, 0x00000000f3c00000| Untracked 
| 317|0x00000000f3d00000, 0x00000000f3d00000, 0x00000000f3e00000|  0%| F|  |TAMS 0x00000000f3d00000, 0x00000000f3d00000| Untracked 
| 318|0x00000000f3e00000, 0x00000000f3e00000, 0x00000000f3f00000|  0%| F|  |TAMS 0x00000000f3e00000, 0x00000000f3e00000| Untracked 
| 319|0x00000000f3f00000, 0x00000000f3f00000, 0x00000000f4000000|  0%| F|  |TAMS 0x00000000f3f00000, 0x00000000f3f00000| Untracked 
| 320|0x00000000f4000000, 0x00000000f4000000, 0x00000000f4100000|  0%| F|  |TAMS 0x00000000f4000000, 0x00000000f4000000| Untracked 
| 321|0x00000000f4100000, 0x00000000f4100000, 0x00000000f4200000|  0%| F|  |TAMS 0x00000000f4100000, 0x00000000f4100000| Untracked 
| 322|0x00000000f4200000, 0x00000000f4200000, 0x00000000f4300000|  0%| F|  |TAMS 0x00000000f4200000, 0x00000000f4200000| Untracked 
| 323|0x00000000f4300000, 0x00000000f4300000, 0x00000000f4400000|  0%| F|  |TAMS 0x00000000f4300000, 0x00000000f4300000| Untracked 
| 324|0x00000000f4400000, 0x00000000f4400000, 0x00000000f4500000|  0%| F|  |TAMS 0x00000000f4400000, 0x00000000f4400000| Untracked 
| 325|0x00000000f4500000, 0x00000000f4500000, 0x00000000f4600000|  0%| F|  |TAMS 0x00000000f4500000, 0x00000000f4500000| Untracked 
| 326|0x00000000f4600000, 0x00000000f4600000, 0x00000000f4700000|  0%| F|  |TAMS 0x00000000f4600000, 0x00000000f4600000| Untracked 
| 327|0x00000000f4700000, 0x00000000f4700000, 0x00000000f4800000|  0%| F|  |TAMS 0x00000000f4700000, 0x00000000f4700000| Untracked 
| 328|0x00000000f4800000, 0x00000000f4800000, 0x00000000f4900000|  0%| F|  |TAMS 0x00000000f4800000, 0x00000000f4800000| Untracked 
| 329|0x00000000f4900000, 0x00000000f4900000, 0x00000000f4a00000|  0%| F|  |TAMS 0x00000000f4900000, 0x00000000f4900000| Untracked 
| 330|0x00000000f4a00000, 0x00000000f4a00000, 0x00000000f4b00000|  0%| F|  |TAMS 0x00000000f4a00000, 0x00000000f4a00000| Untracked 
| 331|0x00000000f4b00000, 0x00000000f4b00000, 0x00000000f4c00000|  0%| F|  |TAMS 0x00000000f4b00000, 0x00000000f4b00000| Untracked 
| 332|0x00000000f4c00000, 0x00000000f4c00000, 0x00000000f4d00000|  0%| F|  |TAMS 0x00000000f4c00000, 0x00000000f4c00000| Untracked 
| 333|0x00000000f4d00000, 0x00000000f4d00000, 0x00000000f4e00000|  0%| F|  |TAMS 0x00000000f4d00000, 0x00000000f4d00000| Untracked 
| 334|0x00000000f4e00000, 0x00000000f4e00000, 0x00000000f4f00000|  0%| F|  |TAMS 0x00000000f4e00000, 0x00000000f4e00000| Untracked 
| 335|0x00000000f4f00000, 0x00000000f4f00000, 0x00000000f5000000|  0%| F|  |TAMS 0x00000000f4f00000, 0x00000000f4f00000| Untracked 
| 336|0x00000000f5000000, 0x00000000f5000000, 0x00000000f5100000|  0%| F|  |TAMS 0x00000000f5000000, 0x00000000f5000000| Untracked 
| 337|0x00000000f5100000, 0x00000000f5100000, 0x00000000f5200000|  0%| F|  |TAMS 0x00000000f5100000, 0x00000000f5100000| Untracked 
| 338|0x00000000f5200000, 0x00000000f5200000, 0x00000000f5300000|  0%| F|  |TAMS 0x00000000f5200000, 0x00000000f5200000| Untracked 
| 339|0x00000000f5300000, 0x00000000f5300000, 0x00000000f5400000|  0%| F|  |TAMS 0x00000000f5300000, 0x00000000f5300000| Untracked 
| 340|0x00000000f5400000, 0x00000000f5400000, 0x00000000f5500000|  0%| F|  |TAMS 0x00000000f5400000, 0x00000000f5400000| Untracked 
| 341|0x00000000f5500000, 0x00000000f5500000, 0x00000000f5600000|  0%| F|  |TAMS 0x00000000f5500000, 0x00000000f5500000| Untracked 
| 342|0x00000000f5600000, 0x00000000f5600000, 0x00000000f5700000|  0%| F|  |TAMS 0x00000000f5600000, 0x00000000f5600000| Untracked 
| 343|0x00000000f5700000, 0x00000000f5700000, 0x00000000f5800000|  0%| F|  |TAMS 0x00000000f5700000, 0x00000000f5700000| Untracked 
| 344|0x00000000f5800000, 0x00000000f5800000, 0x00000000f5900000|  0%| F|  |TAMS 0x00000000f5800000, 0x00000000f5800000| Untracked 
| 345|0x00000000f5900000, 0x00000000f5900000, 0x00000000f5a00000|  0%| F|  |TAMS 0x00000000f5900000, 0x00000000f5900000| Untracked 
| 346|0x00000000f5a00000, 0x00000000f5a00000, 0x00000000f5b00000|  0%| F|  |TAMS 0x00000000f5a00000, 0x00000000f5a00000| Untracked 
| 347|0x00000000f5b00000, 0x00000000f5b00000, 0x00000000f5c00000|  0%| F|  |TAMS 0x00000000f5b00000, 0x00000000f5b00000| Untracked 
| 348|0x00000000f5c00000, 0x00000000f5c00000, 0x00000000f5d00000|  0%| F|  |TAMS 0x00000000f5c00000, 0x00000000f5c00000| Untracked 
| 349|0x00000000f5d00000, 0x00000000f5d00000, 0x00000000f5e00000|  0%| F|  |TAMS 0x00000000f5d00000, 0x00000000f5d00000| Untracked 
| 350|0x00000000f5e00000, 0x00000000f5e00000, 0x00000000f5f00000|  0%| F|  |TAMS 0x00000000f5e00000, 0x00000000f5e00000| Untracked 
| 351|0x00000000f5f00000, 0x00000000f5f00000, 0x00000000f6000000|  0%| F|  |TAMS 0x00000000f5f00000, 0x00000000f5f00000| Untracked 
| 352|0x00000000f6000000, 0x00000000f6000000, 0x00000000f6100000|  0%| F|  |TAMS 0x00000000f6000000, 0x00000000f6000000| Untracked 
| 353|0x00000000f6100000, 0x00000000f6100000, 0x00000000f6200000|  0%| F|  |TAMS 0x00000000f6100000, 0x00000000f6100000| Untracked 
| 354|0x00000000f6200000, 0x00000000f6200000, 0x00000000f6300000|  0%| F|  |TAMS 0x00000000f6200000, 0x00000000f6200000| Untracked 
| 355|0x00000000f6300000, 0x00000000f6300000, 0x00000000f6400000|  0%| F|  |TAMS 0x00000000f6300000, 0x00000000f6300000| Untracked 
| 356|0x00000000f6400000, 0x00000000f6400000, 0x00000000f6500000|  0%| F|  |TAMS 0x00000000f6400000, 0x00000000f6400000| Untracked 
| 357|0x00000000f6500000, 0x00000000f6500000, 0x00000000f6600000|  0%| F|  |TAMS 0x00000000f6500000, 0x00000000f6500000| Untracked 
| 358|0x00000000f6600000, 0x00000000f6600000, 0x00000000f6700000|  0%| F|  |TAMS 0x00000000f6600000, 0x00000000f6600000| Untracked 
| 359|0x00000000f6700000, 0x00000000f6700000, 0x00000000f6800000|  0%| F|  |TAMS 0x00000000f6700000, 0x00000000f6700000| Untracked 
| 360|0x00000000f6800000, 0x00000000f6800000, 0x00000000f6900000|  0%| F|  |TAMS 0x00000000f6800000, 0x00000000f6800000| Untracked 
| 361|0x00000000f6900000, 0x00000000f6900000, 0x00000000f6a00000|  0%| F|  |TAMS 0x00000000f6900000, 0x00000000f6900000| Untracked 
| 362|0x00000000f6a00000, 0x00000000f6a00000, 0x00000000f6b00000|  0%| F|  |TAMS 0x00000000f6a00000, 0x00000000f6a00000| Untracked 
| 363|0x00000000f6b00000, 0x00000000f6b00000, 0x00000000f6c00000|  0%| F|  |TAMS 0x00000000f6b00000, 0x00000000f6b00000| Untracked 
| 364|0x00000000f6c00000, 0x00000000f6c00000, 0x00000000f6d00000|  0%| F|  |TAMS 0x00000000f6c00000, 0x00000000f6c00000| Untracked 
| 365|0x00000000f6d00000, 0x00000000f6d00000, 0x00000000f6e00000|  0%| F|  |TAMS 0x00000000f6d00000, 0x00000000f6d00000| Untracked 
| 366|0x00000000f6e00000, 0x00000000f6e00000, 0x00000000f6f00000|  0%| F|  |TAMS 0x00000000f6e00000, 0x00000000f6e00000| Untracked 
| 367|0x00000000f6f00000, 0x00000000f6f00000, 0x00000000f7000000|  0%| F|  |TAMS 0x00000000f6f00000, 0x00000000f6f00000| Untracked 
| 368|0x00000000f7000000, 0x00000000f7000000, 0x00000000f7100000|  0%| F|  |TAMS 0x00000000f7000000, 0x00000000f7000000| Untracked 
| 369|0x00000000f7100000, 0x00000000f7100000, 0x00000000f7200000|  0%| F|  |TAMS 0x00000000f7100000, 0x00000000f7100000| Untracked 
| 370|0x00000000f7200000, 0x00000000f7200000, 0x00000000f7300000|  0%| F|  |TAMS 0x00000000f7200000, 0x00000000f7200000| Untracked 
| 371|0x00000000f7300000, 0x00000000f7300000, 0x00000000f7400000|  0%| F|  |TAMS 0x00000000f7300000, 0x00000000f7300000| Untracked 
| 372|0x00000000f7400000, 0x00000000f7400000, 0x00000000f7500000|  0%| F|  |TAMS 0x00000000f7400000, 0x00000000f7400000| Untracked 
| 373|0x00000000f7500000, 0x00000000f7500000, 0x00000000f7600000|  0%| F|  |TAMS 0x00000000f7500000, 0x00000000f7500000| Untracked 
| 374|0x00000000f7600000, 0x00000000f7600000, 0x00000000f7700000|  0%| F|  |TAMS 0x00000000f7600000, 0x00000000f7600000| Untracked 
| 375|0x00000000f7700000, 0x00000000f7700000, 0x00000000f7800000|  0%| F|  |TAMS 0x00000000f7700000, 0x00000000f7700000| Untracked 
| 376|0x00000000f7800000, 0x00000000f7800000, 0x00000000f7900000|  0%| F|  |TAMS 0x00000000f7800000, 0x00000000f7800000| Untracked 
| 377|0x00000000f7900000, 0x00000000f7900000, 0x00000000f7a00000|  0%| F|  |TAMS 0x00000000f7900000, 0x00000000f7900000| Untracked 
| 378|0x00000000f7a00000, 0x00000000f7a00000, 0x00000000f7b00000|  0%| F|  |TAMS 0x00000000f7a00000, 0x00000000f7a00000| Untracked 
| 379|0x00000000f7b00000, 0x00000000f7b00000, 0x00000000f7c00000|  0%| F|  |TAMS 0x00000000f7b00000, 0x00000000f7b00000| Untracked 
| 380|0x00000000f7c00000, 0x00000000f7cc2e10, 0x00000000f7d00000| 76%| S|CS|TAMS 0x00000000f7c00000, 0x00000000f7c00000| Complete 
| 381|0x00000000f7d00000, 0x00000000f7e00000, 0x00000000f7e00000|100%| S|CS|TAMS 0x00000000f7d00000, 0x00000000f7d00000| Complete 
| 382|0x00000000f7e00000, 0x00000000f7f00000, 0x00000000f7f00000|100%| S|CS|TAMS 0x00000000f7e00000, 0x00000000f7e00000| Complete 
| 383|0x00000000f7f00000, 0x00000000f8000000, 0x00000000f8000000|100%| S|CS|TAMS 0x00000000f7f00000, 0x00000000f7f00000| Complete 
| 384|0x00000000f8000000, 0x00000000f8100000, 0x00000000f8100000|100%| S|CS|TAMS 0x00000000f8000000, 0x00000000f8000000| Complete 
| 385|0x00000000f8100000, 0x00000000f8100000, 0x00000000f8200000|  0%| F|  |TAMS 0x00000000f8100000, 0x00000000f8100000| Untracked 
| 386|0x00000000f8200000, 0x00000000f8200000, 0x00000000f8300000|  0%| F|  |TAMS 0x00000000f8200000, 0x00000000f8200000| Untracked 
| 387|0x00000000f8300000, 0x00000000f8300000, 0x00000000f8400000|  0%| F|  |TAMS 0x00000000f8300000, 0x00000000f8300000| Untracked 
| 388|0x00000000f8400000, 0x00000000f8400000, 0x00000000f8500000|  0%| F|  |TAMS 0x00000000f8400000, 0x00000000f8400000| Untracked 
| 389|0x00000000f8500000, 0x00000000f8500000, 0x00000000f8600000|  0%| F|  |TAMS 0x00000000f8500000, 0x00000000f8500000| Untracked 
| 390|0x00000000f8600000, 0x00000000f8600000, 0x00000000f8700000|  0%| F|  |TAMS 0x00000000f8600000, 0x00000000f8600000| Untracked 
| 391|0x00000000f8700000, 0x00000000f8700000, 0x00000000f8800000|  0%| F|  |TAMS 0x00000000f8700000, 0x00000000f8700000| Untracked 
| 392|0x00000000f8800000, 0x00000000f8800000, 0x00000000f8900000|  0%| F|  |TAMS 0x00000000f8800000, 0x00000000f8800000| Untracked 
| 393|0x00000000f8900000, 0x00000000f8900000, 0x00000000f8a00000|  0%| F|  |TAMS 0x00000000f8900000, 0x00000000f8900000| Untracked 
| 394|0x00000000f8a00000, 0x00000000f8a00000, 0x00000000f8b00000|  0%| F|  |TAMS 0x00000000f8a00000, 0x00000000f8a00000| Untracked 
| 395|0x00000000f8b00000, 0x00000000f8b00000, 0x00000000f8c00000|  0%| F|  |TAMS 0x00000000f8b00000, 0x00000000f8b00000| Untracked 
| 396|0x00000000f8c00000, 0x00000000f8c00000, 0x00000000f8d00000|  0%| F|  |TAMS 0x00000000f8c00000, 0x00000000f8c00000| Untracked 
| 397|0x00000000f8d00000, 0x00000000f8d00000, 0x00000000f8e00000|  0%| F|  |TAMS 0x00000000f8d00000, 0x00000000f8d00000| Untracked 
| 398|0x00000000f8e00000, 0x00000000f8e00000, 0x00000000f8f00000|  0%| F|  |TAMS 0x00000000f8e00000, 0x00000000f8e00000| Untracked 
| 399|0x00000000f8f00000, 0x00000000f8f00000, 0x00000000f9000000|  0%| F|  |TAMS 0x00000000f8f00000, 0x00000000f8f00000| Untracked 
| 400|0x00000000f9000000, 0x00000000f9000000, 0x00000000f9100000|  0%| F|  |TAMS 0x00000000f9000000, 0x00000000f9000000| Untracked 
| 401|0x00000000f9100000, 0x00000000f9100000, 0x00000000f9200000|  0%| F|  |TAMS 0x00000000f9100000, 0x00000000f9100000| Untracked 
| 402|0x00000000f9200000, 0x00000000f9200000, 0x00000000f9300000|  0%| F|  |TAMS 0x00000000f9200000, 0x00000000f9200000| Untracked 
| 403|0x00000000f9300000, 0x00000000f9300000, 0x00000000f9400000|  0%| F|  |TAMS 0x00000000f9300000, 0x00000000f9300000| Untracked 
| 404|0x00000000f9400000, 0x00000000f9400000, 0x00000000f9500000|  0%| F|  |TAMS 0x00000000f9400000, 0x00000000f9400000| Untracked 
| 405|0x00000000f9500000, 0x00000000f9500000, 0x00000000f9600000|  0%| F|  |TAMS 0x00000000f9500000, 0x00000000f9500000| Untracked 
| 406|0x00000000f9600000, 0x00000000f9600000, 0x00000000f9700000|  0%| F|  |TAMS 0x00000000f9600000, 0x00000000f9600000| Untracked 
| 407|0x00000000f9700000, 0x00000000f9700000, 0x00000000f9800000|  0%| F|  |TAMS 0x00000000f9700000, 0x00000000f9700000| Untracked 
| 408|0x00000000f9800000, 0x00000000f9800000, 0x00000000f9900000|  0%| F|  |TAMS 0x00000000f9800000, 0x00000000f9800000| Untracked 
| 409|0x00000000f9900000, 0x00000000f9900000, 0x00000000f9a00000|  0%| F|  |TAMS 0x00000000f9900000, 0x00000000f9900000| Untracked 
| 410|0x00000000f9a00000, 0x00000000f9a00000, 0x00000000f9b00000|  0%| F|  |TAMS 0x00000000f9a00000, 0x00000000f9a00000| Untracked 
| 411|0x00000000f9b00000, 0x00000000f9b00000, 0x00000000f9c00000|  0%| F|  |TAMS 0x00000000f9b00000, 0x00000000f9b00000| Untracked 
| 412|0x00000000f9c00000, 0x00000000f9c00000, 0x00000000f9d00000|  0%| F|  |TAMS 0x00000000f9c00000, 0x00000000f9c00000| Untracked 
| 413|0x00000000f9d00000, 0x00000000f9d00000, 0x00000000f9e00000|  0%| F|  |TAMS 0x00000000f9d00000, 0x00000000f9d00000| Untracked 
| 414|0x00000000f9e00000, 0x00000000f9e00000, 0x00000000f9f00000|  0%| F|  |TAMS 0x00000000f9e00000, 0x00000000f9e00000| Untracked 
| 415|0x00000000f9f00000, 0x00000000f9f00000, 0x00000000fa000000|  0%| F|  |TAMS 0x00000000f9f00000, 0x00000000f9f00000| Untracked 
| 416|0x00000000fa000000, 0x00000000fa000000, 0x00000000fa100000|  0%| F|  |TAMS 0x00000000fa000000, 0x00000000fa000000| Untracked 
| 417|0x00000000fa100000, 0x00000000fa100000, 0x00000000fa200000|  0%| F|  |TAMS 0x00000000fa100000, 0x00000000fa100000| Untracked 
| 418|0x00000000fa200000, 0x00000000fa200000, 0x00000000fa300000|  0%| F|  |TAMS 0x00000000fa200000, 0x00000000fa200000| Untracked 
| 419|0x00000000fa300000, 0x00000000fa300000, 0x00000000fa400000|  0%| F|  |TAMS 0x00000000fa300000, 0x00000000fa300000| Untracked 
| 420|0x00000000fa400000, 0x00000000fa400000, 0x00000000fa500000|  0%| F|  |TAMS 0x00000000fa400000, 0x00000000fa400000| Untracked 
| 421|0x00000000fa500000, 0x00000000fa500000, 0x00000000fa600000|  0%| F|  |TAMS 0x00000000fa500000, 0x00000000fa500000| Untracked 
| 422|0x00000000fa600000, 0x00000000fa600000, 0x00000000fa700000|  0%| F|  |TAMS 0x00000000fa600000, 0x00000000fa600000| Untracked 
| 423|0x00000000fa700000, 0x00000000fa700000, 0x00000000fa800000|  0%| F|  |TAMS 0x00000000fa700000, 0x00000000fa700000| Untracked 
| 424|0x00000000fa800000, 0x00000000fa800000, 0x00000000fa900000|  0%| F|  |TAMS 0x00000000fa800000, 0x00000000fa800000| Untracked 
| 425|0x00000000fa900000, 0x00000000fa900000, 0x00000000faa00000|  0%| F|  |TAMS 0x00000000fa900000, 0x00000000fa900000| Untracked 
| 426|0x00000000faa00000, 0x00000000faa00000, 0x00000000fab00000|  0%| F|  |TAMS 0x00000000faa00000, 0x00000000faa00000| Untracked 
| 427|0x00000000fab00000, 0x00000000fab00000, 0x00000000fac00000|  0%| F|  |TAMS 0x00000000fab00000, 0x00000000fab00000| Untracked 
| 428|0x00000000fac00000, 0x00000000fac00000, 0x00000000fad00000|  0%| F|  |TAMS 0x00000000fac00000, 0x00000000fac00000| Untracked 
| 429|0x00000000fad00000, 0x00000000fad00000, 0x00000000fae00000|  0%| F|  |TAMS 0x00000000fad00000, 0x00000000fad00000| Untracked 
| 430|0x00000000fae00000, 0x00000000fae00000, 0x00000000faf00000|  0%| F|  |TAMS 0x00000000fae00000, 0x00000000fae00000| Untracked 
| 431|0x00000000faf00000, 0x00000000faf00000, 0x00000000fb000000|  0%| F|  |TAMS 0x00000000faf00000, 0x00000000faf00000| Untracked 
| 432|0x00000000fb000000, 0x00000000fb000000, 0x00000000fb100000|  0%| F|  |TAMS 0x00000000fb000000, 0x00000000fb000000| Untracked 
| 433|0x00000000fb100000, 0x00000000fb100000, 0x00000000fb200000|  0%| F|  |TAMS 0x00000000fb100000, 0x00000000fb100000| Untracked 
| 434|0x00000000fb200000, 0x00000000fb200000, 0x00000000fb300000|  0%| F|  |TAMS 0x00000000fb200000, 0x00000000fb200000| Untracked 
| 435|0x00000000fb300000, 0x00000000fb300000, 0x00000000fb400000|  0%| F|  |TAMS 0x00000000fb300000, 0x00000000fb300000| Untracked 
| 436|0x00000000fb400000, 0x00000000fb400000, 0x00000000fb500000|  0%| F|  |TAMS 0x00000000fb400000, 0x00000000fb400000| Untracked 
| 437|0x00000000fb500000, 0x00000000fb500000, 0x00000000fb600000|  0%| F|  |TAMS 0x00000000fb500000, 0x00000000fb500000| Untracked 
| 438|0x00000000fb600000, 0x00000000fb600000, 0x00000000fb700000|  0%| F|  |TAMS 0x00000000fb600000, 0x00000000fb600000| Untracked 
| 439|0x00000000fb700000, 0x00000000fb700000, 0x00000000fb800000|  0%| F|  |TAMS 0x00000000fb700000, 0x00000000fb700000| Untracked 
| 440|0x00000000fb800000, 0x00000000fb800000, 0x00000000fb900000|  0%| F|  |TAMS 0x00000000fb800000, 0x00000000fb800000| Untracked 
| 441|0x00000000fb900000, 0x00000000fb900000, 0x00000000fba00000|  0%| F|  |TAMS 0x00000000fb900000, 0x00000000fb900000| Untracked 
| 442|0x00000000fba00000, 0x00000000fba00000, 0x00000000fbb00000|  0%| F|  |TAMS 0x00000000fba00000, 0x00000000fba00000| Untracked 
| 443|0x00000000fbb00000, 0x00000000fbb00000, 0x00000000fbc00000|  0%| F|  |TAMS 0x00000000fbb00000, 0x00000000fbb00000| Untracked 
| 444|0x00000000fbc00000, 0x00000000fbc00000, 0x00000000fbd00000|  0%| F|  |TAMS 0x00000000fbc00000, 0x00000000fbc00000| Untracked 
| 445|0x00000000fbd00000, 0x00000000fbd00000, 0x00000000fbe00000|  0%| F|  |TAMS 0x00000000fbd00000, 0x00000000fbd00000| Untracked 
| 446|0x00000000fbe00000, 0x00000000fbe00000, 0x00000000fbf00000|  0%| F|  |TAMS 0x00000000fbe00000, 0x00000000fbe00000| Untracked 
| 447|0x00000000fbf00000, 0x00000000fbf00000, 0x00000000fc000000|  0%| F|  |TAMS 0x00000000fbf00000, 0x00000000fbf00000| Untracked 
| 448|0x00000000fc000000, 0x00000000fc000000, 0x00000000fc100000|  0%| F|  |TAMS 0x00000000fc000000, 0x00000000fc000000| Untracked 
| 449|0x00000000fc100000, 0x00000000fc100000, 0x00000000fc200000|  0%| F|  |TAMS 0x00000000fc100000, 0x00000000fc100000| Untracked 
| 450|0x00000000fc200000, 0x00000000fc200000, 0x00000000fc300000|  0%| F|  |TAMS 0x00000000fc200000, 0x00000000fc200000| Untracked 
| 451|0x00000000fc300000, 0x00000000fc300000, 0x00000000fc400000|  0%| F|  |TAMS 0x00000000fc300000, 0x00000000fc300000| Untracked 
| 452|0x00000000fc400000, 0x00000000fc400000, 0x00000000fc500000|  0%| F|  |TAMS 0x00000000fc400000, 0x00000000fc400000| Untracked 
| 453|0x00000000fc500000, 0x00000000fc500000, 0x00000000fc600000|  0%| F|  |TAMS 0x00000000fc500000, 0x00000000fc500000| Untracked 
| 454|0x00000000fc600000, 0x00000000fc600000, 0x00000000fc700000|  0%| F|  |TAMS 0x00000000fc600000, 0x00000000fc600000| Untracked 
| 455|0x00000000fc700000, 0x00000000fc700000, 0x00000000fc800000|  0%| F|  |TAMS 0x00000000fc700000, 0x00000000fc700000| Untracked 
| 456|0x00000000fc800000, 0x00000000fc800000, 0x00000000fc900000|  0%| F|  |TAMS 0x00000000fc800000, 0x00000000fc800000| Untracked 
| 457|0x00000000fc900000, 0x00000000fc900000, 0x00000000fca00000|  0%| F|  |TAMS 0x00000000fc900000, 0x00000000fc900000| Untracked 
| 458|0x00000000fca00000, 0x00000000fca00000, 0x00000000fcb00000|  0%| F|  |TAMS 0x00000000fca00000, 0x00000000fca00000| Untracked 
| 459|0x00000000fcb00000, 0x00000000fcb00000, 0x00000000fcc00000|  0%| F|  |TAMS 0x00000000fcb00000, 0x00000000fcb00000| Untracked 
| 460|0x00000000fcc00000, 0x00000000fcc00000, 0x00000000fcd00000|  0%| F|  |TAMS 0x00000000fcc00000, 0x00000000fcc00000| Untracked 
| 461|0x00000000fcd00000, 0x00000000fcd00000, 0x00000000fce00000|  0%| F|  |TAMS 0x00000000fcd00000, 0x00000000fcd00000| Untracked 
| 462|0x00000000fce00000, 0x00000000fce00000, 0x00000000fcf00000|  0%| F|  |TAMS 0x00000000fce00000, 0x00000000fce00000| Untracked 
| 463|0x00000000fcf00000, 0x00000000fcf00000, 0x00000000fd000000|  0%| F|  |TAMS 0x00000000fcf00000, 0x00000000fcf00000| Untracked 
| 464|0x00000000fd000000, 0x00000000fd000000, 0x00000000fd100000|  0%| F|  |TAMS 0x00000000fd000000, 0x00000000fd000000| Untracked 
| 465|0x00000000fd100000, 0x00000000fd100000, 0x00000000fd200000|  0%| F|  |TAMS 0x00000000fd100000, 0x00000000fd100000| Untracked 
| 466|0x00000000fd200000, 0x00000000fd200000, 0x00000000fd300000|  0%| F|  |TAMS 0x00000000fd200000, 0x00000000fd200000| Untracked 
| 467|0x00000000fd300000, 0x00000000fd400000, 0x00000000fd400000|100%| E|  |TAMS 0x00000000fd300000, 0x00000000fd300000| Complete 
| 468|0x00000000fd400000, 0x00000000fd500000, 0x00000000fd500000|100%| E|CS|TAMS 0x00000000fd400000, 0x00000000fd400000| Complete 
| 469|0x00000000fd500000, 0x00000000fd600000, 0x00000000fd600000|100%| E|CS|TAMS 0x00000000fd500000, 0x00000000fd500000| Complete 
| 470|0x00000000fd600000, 0x00000000fd700000, 0x00000000fd700000|100%| E|CS|TAMS 0x00000000fd600000, 0x00000000fd600000| Complete 
| 471|0x00000000fd700000, 0x00000000fd800000, 0x00000000fd800000|100%| E|CS|TAMS 0x00000000fd700000, 0x00000000fd700000| Complete 
| 497|0x00000000ff100000, 0x00000000ff200000, 0x00000000ff200000|100%| O|  |TAMS 0x00000000ff200000, 0x00000000ff100000| Untracked 
| 498|0x00000000ff200000, 0x00000000ff300000, 0x00000000ff300000|100%| E|CS|TAMS 0x00000000ff200000, 0x00000000ff200000| Complete 
| 499|0x00000000ff300000, 0x00000000ff400000, 0x00000000ff400000|100%| E|CS|TAMS 0x00000000ff300000, 0x00000000ff300000| Complete 
| 500|0x00000000ff400000, 0x00000000ff500000, 0x00000000ff500000|100%| E|CS|TAMS 0x00000000ff400000, 0x00000000ff400000| Complete 
| 501|0x00000000ff500000, 0x00000000ff600000, 0x00000000ff600000|100%| E|CS|TAMS 0x00000000ff500000, 0x00000000ff500000| Complete 
| 502|0x00000000ff600000, 0x00000000ff700000, 0x00000000ff700000|100%| E|CS|TAMS 0x00000000ff600000, 0x00000000ff600000| Complete 
| 503|0x00000000ff700000, 0x00000000ff800000, 0x00000000ff800000|100%| E|CS|TAMS 0x00000000ff700000, 0x00000000ff700000| Complete 
| 504|0x00000000ff800000, 0x00000000ff900000, 0x00000000ff900000|100%| E|CS|TAMS 0x00000000ff800000, 0x00000000ff800000| Complete 
| 505|0x00000000ff900000, 0x00000000ffa00000, 0x00000000ffa00000|100%| O|  |TAMS 0x00000000ffa00000, 0x00000000ff900000| Untracked 
| 506|0x00000000ffa00000, 0x00000000ffb00000, 0x00000000ffb00000|100%| E|CS|TAMS 0x00000000ffa00000, 0x00000000ffa00000| Complete 
| 507|0x00000000ffb00000, 0x00000000ffc00000, 0x00000000ffc00000|100%| E|CS|TAMS 0x00000000ffb00000, 0x00000000ffb00000| Complete 
| 508|0x00000000ffc00000, 0x00000000ffd00000, 0x00000000ffd00000|100%| E|CS|TAMS 0x00000000ffc00000, 0x00000000ffc00000| Complete 
| 509|0x00000000ffd00000, 0x00000000ffe00000, 0x00000000ffe00000|100%| E|CS|TAMS 0x00000000ffd00000, 0x00000000ffd00000| Complete 
| 510|0x00000000ffe00000, 0x00000000fff00000, 0x00000000fff00000|100%| E|CS|TAMS 0x00000000ffe00000, 0x00000000ffe00000| Complete 
| 511|0x00000000fff00000, 0x0000000100000000, 0x0000000100000000|100%| E|CS|TAMS 0x00000000fff00000, 0x00000000fff00000| Complete 

Card table byte_map: [0x0000026ec4c90000,0x0000026ec4d90000] _byte_map_base: 0x0000026ec4590000

Marking Bits (Prev, Next): (CMBitMap*) 0x0000026eae403b00, (CMBitMap*) 0x0000026eae403ac0
 Prev Bits: [0x0000026ec5690000, 0x0000026ec5e90000)
 Next Bits: [0x0000026ec4e90000, 0x0000026ec5690000)

Polling page: 0x0000026eadba0000

Metaspace:

Usage:
  Non-class:    155.25 MB used.
      Class:     22.02 MB used.
       Both:    177.27 MB used.

Virtual space:
  Non-class space:      192.00 MB reserved,     155.69 MB ( 81%) committed,  3 nodes.
      Class space:      320.00 MB reserved,      22.44 MB (  7%) committed,  1 nodes.
             Both:      512.00 MB reserved,     178.12 MB ( 35%) committed. 

Chunk freelists:
   Non-Class:  4.20 MB
       Class:  9.45 MB
        Both:  13.66 MB

MaxMetaspaceSize: 384.00 MB
CompressedClassSpaceSize: 320.00 MB
Initial GC threshold: 21.00 MB
Current GC threshold: 274.00 MB
CDS: on
MetaspaceReclaimPolicy: balanced
 - commit_granule_bytes: 65536.
 - commit_granule_words: 8192.
 - virtual_space_node_default_size: 8388608.
 - enlarge_chunks_in_place: 1.
 - new_chunks_are_fully_committed: 0.
 - uncommit_free_chunks: 1.
 - use_allocation_guard: 0.
 - handle_deallocations: 1.


Internal statistics:

num_allocs_failed_limit: 12.
num_arena_births: 1674.
num_arena_deaths: 464.
num_vsnodes_births: 4.
num_vsnodes_deaths: 0.
num_space_committed: 2849.
num_space_uncommitted: 0.
num_chunks_returned_to_freelist: 577.
num_chunks_taken_from_freelist: 8770.
num_chunk_merges: 180.
num_chunk_splits: 6276.
num_chunks_enlarged: 4900.
num_inconsistent_stats: 0.

CodeHeap 'non-profiled nmethods': size=120000Kb used=20794Kb max_used=20794Kb free=99205Kb
 bounds [0x0000026ebd760000, 0x0000026ebebb0000, 0x0000026ec4c90000]
CodeHeap 'profiled nmethods': size=120000Kb used=61140Kb max_used=61140Kb free=58860Kb
 bounds [0x0000026eb5c90000, 0x0000026eb9850000, 0x0000026ebd1c0000]
CodeHeap 'non-nmethods': size=5760Kb used=1999Kb max_used=2102Kb free=3760Kb
 bounds [0x0000026ebd1c0000, 0x0000026ebd430000, 0x0000026ebd760000]
 total_blobs=25702 nmethods=24555 adapters=1057
 compilation: enabled
              stopped_count=0, restarted_count=0
 full_count=0

Compilation events (20 events):
Event: 712.522 Thread 0x0000026ec8472350 31548       3       org.gradle.api.reflect.TypeOf::typeOf (18 bytes)
Event: 712.522 Thread 0x0000026ec8472350 nmethod 31548 0x0000026eb983e410 code [0x0000026eb983e620, 0x0000026eb983edf8]
Event: 712.524 Thread 0x0000026ec8472350 31549       3       org.gradle.api.internal.provider.AbstractProperty::setConvention (24 bytes)
Event: 712.525 Thread 0x0000026ec8472350 nmethod 31549 0x0000026eb983f110 code [0x0000026eb983f2e0, 0x0000026eb983f8c8]
Event: 712.525 Thread 0x0000026ec8472350 31550       3       org.gradle.api.internal.provider.ValueState$NonFinalizedValue::applyConvention (20 bytes)
Event: 712.525 Thread 0x0000026ec8472350 nmethod 31550 0x0000026eb983fa90 code [0x0000026eb983fc40, 0x0000026eb983ff48]
Event: 712.525 Thread 0x0000026ec8472350 31551       3       org.gradle.api.internal.provider.AbstractCollectionProperty::getType (11 bytes)
Event: 712.525 Thread 0x0000026ec8472350 nmethod 31551 0x0000026eb9840090 code [0x0000026eb9840220, 0x0000026eb9840378]
Event: 712.527 Thread 0x0000026ec8472350 31552       3       com.android.build.api.variant.impl.ApplicationVariantBuilderImpl_Decorated::getName (40 bytes)
Event: 712.528 Thread 0x0000026ec8472350 nmethod 31552 0x0000026eb9840410 code [0x0000026eb9840620, 0x0000026eb9840cf8]
Event: 712.528 Thread 0x0000026ec8472350 31553       3       com.android.build.api.component.impl.ComponentBuilderImpl::getName (10 bytes)
Event: 712.528 Thread 0x0000026ec8472350 nmethod 31553 0x0000026eb9840f90 code [0x0000026eb9841140, 0x0000026eb9841308]
Event: 712.528 Thread 0x0000026ec8472350 31554       3       com.android.build.api.variant.impl.ApplicationVariantImpl_Decorated::getName (40 bytes)
Event: 712.529 Thread 0x0000026ec8472350 nmethod 31554 0x0000026eb9841410 code [0x0000026eb9841620, 0x0000026eb9841bd8]
Event: 712.529 Thread 0x0000026ec8472350 31557       3       com.google.common.collect.ImmutableSet$Builder::addAll (8 bytes)
Event: 712.529 Thread 0x0000026ec8472350 nmethod 31557 0x0000026eb9841e10 code [0x0000026eb9841fa0, 0x0000026eb98420e8]
Event: 712.529 Thread 0x0000026ec8472350 31555   !   3       org.gradle.api.internal.DefaultMutationGuard$1::execute (67 bytes)
Event: 712.530 Thread 0x0000026ec8472350 nmethod 31555 0x0000026eb9842190 code [0x0000026eb9842420, 0x0000026eb9843148]
Event: 712.530 Thread 0x0000026ec8472350 31556       3       org.gradle.api.internal.DefaultMutationGuard::access$100 (6 bytes)
Event: 712.531 Thread 0x0000026ec8472350 nmethod 31556 0x0000026eb9843610 code [0x0000026eb98437e0, 0x0000026eb9843c18]

GC Heap History (20 events):
Event: 652.338 GC heap before
{Heap before GC invocations=240 (full 0):
 garbage-first heap   total 485376K, used 255563K [0x00000000e0000000, 0x0000000100000000)
  region size 1024K, 77 young (78848K), 14 survivors (14336K)
 Metaspace       used 145741K, committed 146496K, reserved 458752K
  class space    used 18086K, committed 18496K, reserved 327680K
}
Event: 652.378 GC heap after
{Heap after GC invocations=241 (full 0):
 garbage-first heap   total 485376K, used 218728K [0x00000000e0000000, 0x0000000100000000)
  region size 1024K, 29 young (29696K), 29 survivors (29696K)
 Metaspace       used 145741K, committed 146496K, reserved 458752K
  class space    used 18086K, committed 18496K, reserved 327680K
}
Event: 658.587 GC heap before
{Heap before GC invocations=242 (full 0):
 garbage-first heap   total 485376K, used 378472K [0x00000000e0000000, 0x0000000100000000)
  region size 1024K, 176 young (180224K), 29 survivors (29696K)
 Metaspace       used 151146K, committed 152000K, reserved 524288K
  class space    used 18665K, committed 19072K, reserved 327680K
}
Event: 658.666 GC heap after
{Heap after GC invocations=243 (full 0):
 garbage-first heap   total 485376K, used 222475K [0x00000000e0000000, 0x0000000100000000)
  region size 1024K, 10 young (10240K), 10 survivors (10240K)
 Metaspace       used 151146K, committed 152000K, reserved 524288K
  class space    used 18665K, committed 19072K, reserved 327680K
}
Event: 660.664 GC heap before
{Heap before GC invocations=243 (full 0):
 garbage-first heap   total 485376K, used 235787K [0x00000000e0000000, 0x0000000100000000)
  region size 1024K, 23 young (23552K), 10 survivors (10240K)
 Metaspace       used 152273K, committed 153088K, reserved 524288K
  class space    used 18826K, committed 19200K, reserved 327680K
}
Event: 660.677 GC heap after
{Heap after GC invocations=244 (full 0):
 garbage-first heap   total 485376K, used 218112K [0x00000000e0000000, 0x0000000100000000)
  region size 1024K, 2 young (2048K), 2 survivors (2048K)
 Metaspace       used 152273K, committed 153088K, reserved 524288K
  class space    used 18826K, committed 19200K, reserved 327680K
}
Event: 670.265 GC heap before
{Heap before GC invocations=244 (full 0):
 garbage-first heap   total 485376K, used 386048K [0x00000000e0000000, 0x0000000100000000)
  region size 1024K, 157 young (160768K), 2 survivors (2048K)
 Metaspace       used 163656K, committed 164480K, reserved 524288K
  class space    used 20349K, committed 20736K, reserved 327680K
}
Event: 670.284 GC heap after
{Heap after GC invocations=245 (full 0):
 garbage-first heap   total 485376K, used 232340K [0x00000000e0000000, 0x0000000100000000)
  region size 1024K, 12 young (12288K), 12 survivors (12288K)
 Metaspace       used 163656K, committed 164480K, reserved 524288K
  class space    used 20349K, committed 20736K, reserved 327680K
}
Event: 692.807 GC heap before
{Heap before GC invocations=245 (full 0):
 garbage-first heap   total 485376K, used 390036K [0x00000000e0000000, 0x0000000100000000)
  region size 1024K, 159 young (162816K), 12 survivors (12288K)
 Metaspace       used 164915K, committed 165760K, reserved 524288K
  class space    used 20451K, committed 20864K, reserved 327680K
}
Event: 692.883 GC heap after
{Heap after GC invocations=246 (full 0):
 garbage-first heap   total 485376K, used 245073K [0x00000000e0000000, 0x0000000100000000)
  region size 1024K, 13 young (13312K), 13 survivors (13312K)
 Metaspace       used 164915K, committed 165760K, reserved 524288K
  class space    used 20451K, committed 20864K, reserved 327680K
}
Event: 696.077 GC heap before
{Heap before GC invocations=246 (full 0):
 garbage-first heap   total 485376K, used 386385K [0x00000000e0000000, 0x0000000100000000)
  region size 1024K, 150 young (153600K), 13 survivors (13312K)
 Metaspace       used 165405K, committed 166272K, reserved 524288K
  class space    used 20479K, committed 20864K, reserved 327680K
}
Event: 696.148 GC heap after
{Heap after GC invocations=247 (full 0):
 garbage-first heap   total 485376K, used 291840K [0x00000000e0000000, 0x0000000100000000)
  region size 1024K, 19 young (19456K), 19 survivors (19456K)
 Metaspace       used 165405K, committed 166272K, reserved 524288K
  class space    used 20479K, committed 20864K, reserved 327680K
}
Event: 699.658 GC heap before
{Heap before GC invocations=247 (full 0):
 garbage-first heap   total 485376K, used 382976K [0x00000000e0000000, 0x0000000100000000)
  region size 1024K, 107 young (109568K), 19 survivors (19456K)
 Metaspace       used 167024K, committed 167872K, reserved 524288K
  class space    used 20583K, committed 20992K, reserved 327680K
}
Event: 699.723 GC heap after
{Heap after GC invocations=248 (full 0):
 garbage-first heap   total 485376K, used 315959K [0x00000000e0000000, 0x0000000100000000)
  region size 1024K, 14 young (14336K), 14 survivors (14336K)
 Metaspace       used 167024K, committed 167872K, reserved 524288K
  class space    used 20583K, committed 20992K, reserved 327680K
}
Event: 705.687 GC heap before
{Heap before GC invocations=249 (full 0):
 garbage-first heap   total 498688K, used 363063K [0x00000000e0000000, 0x0000000100000000)
  region size 1024K, 86 young (88064K), 14 survivors (14336K)
 Metaspace       used 172409K, committed 173312K, reserved 524288K
  class space    used 21085K, committed 21504K, reserved 327680K
}
Event: 705.726 GC heap after
{Heap after GC invocations=250 (full 0):
 garbage-first heap   total 498688K, used 298496K [0x00000000e0000000, 0x0000000100000000)
  region size 1024K, 8 young (8192K), 8 survivors (8192K)
 Metaspace       used 172409K, committed 173312K, reserved 524288K
  class space    used 21085K, committed 21504K, reserved 327680K
}
Event: 706.215 GC heap before
{Heap before GC invocations=250 (full 0):
 garbage-first heap   total 498688K, used 313856K [0x00000000e0000000, 0x0000000100000000)
  region size 1024K, 24 young (24576K), 8 survivors (8192K)
 Metaspace       used 173663K, committed 174528K, reserved 524288K
  class space    used 21251K, committed 21632K, reserved 327680K
}
Event: 706.239 GC heap after
{Heap after GC invocations=251 (full 0):
 garbage-first heap   total 498688K, used 294900K [0x00000000e0000000, 0x0000000100000000)
  region size 1024K, 2 young (2048K), 2 survivors (2048K)
 Metaspace       used 173663K, committed 174528K, reserved 524288K
  class space    used 21251K, committed 21632K, reserved 327680K
}
Event: 711.739 GC heap before
{Heap before GC invocations=251 (full 0):
 garbage-first heap   total 498688K, used 395252K [0x00000000e0000000, 0x0000000100000000)
  region size 1024K, 100 young (102400K), 2 survivors (2048K)
 Metaspace       used 180482K, committed 181312K, reserved 524288K
  class space    used 22397K, committed 22784K, reserved 327680K
}
Event: 711.751 GC heap after
{Heap after GC invocations=252 (full 0):
 garbage-first heap   total 498688K, used 298331K [0x00000000e0000000, 0x0000000100000000)
  region size 1024K, 5 young (5120K), 5 survivors (5120K)
 Metaspace       used 180482K, committed 181312K, reserved 524288K
  class space    used 22397K, committed 22784K, reserved 327680K
}

Deoptimization events (20 events):
Event: 711.221 Thread 0x0000026ee20ac5d0 DEOPT PACKING pc=0x0000026ebe01b598 sp=0x00000096a52f8fd0
Event: 711.221 Thread 0x0000026ee20ac5d0 DEOPT UNPACKING pc=0x0000026ebd2123a3 sp=0x00000096a52f8f70 mode 2
Event: 711.221 Thread 0x0000026ee20ac5d0 Uncommon trap: trap_request=0xffffffc6 fr.pc=0x0000026ebe27c69c relative=0x000000000000033c
Event: 711.221 Thread 0x0000026ee20ac5d0 Uncommon trap: reason=bimorphic_or_optimized_type_check action=maybe_recompile pc=0x0000026ebe27c69c method=java.util.regex.Pattern$BmpCharPredicate.lambda$union$2(Ljava/util/regex/Pattern$CharPredicate;I)Z @ 2 c2
Event: 711.221 Thread 0x0000026ee20ac5d0 DEOPT PACKING pc=0x0000026ebe27c69c sp=0x00000096a52f8e00
Event: 711.221 Thread 0x0000026ee20ac5d0 DEOPT UNPACKING pc=0x0000026ebd2123a3 sp=0x00000096a52f8d28 mode 2
Event: 711.221 Thread 0x0000026ee20ac5d0 Uncommon trap: trap_request=0xffffffc6 fr.pc=0x0000026ebe27c69c relative=0x000000000000033c
Event: 711.221 Thread 0x0000026ee20ac5d0 Uncommon trap: reason=bimorphic_or_optimized_type_check action=maybe_recompile pc=0x0000026ebe27c69c method=java.util.regex.Pattern$BmpCharPredicate.lambda$union$2(Ljava/util/regex/Pattern$CharPredicate;I)Z @ 2 c2
Event: 711.221 Thread 0x0000026ee20ac5d0 DEOPT PACKING pc=0x0000026ebe27c69c sp=0x00000096a52f8e00
Event: 711.221 Thread 0x0000026ee20ac5d0 DEOPT UNPACKING pc=0x0000026ebd2123a3 sp=0x00000096a52f8d28 mode 2
Event: 711.221 Thread 0x0000026ee20ac5d0 Uncommon trap: trap_request=0xffffffc6 fr.pc=0x0000026ebe27c69c relative=0x000000000000033c
Event: 711.221 Thread 0x0000026ee20ac5d0 Uncommon trap: reason=bimorphic_or_optimized_type_check action=maybe_recompile pc=0x0000026ebe27c69c method=java.util.regex.Pattern$BmpCharPredicate.lambda$union$2(Ljava/util/regex/Pattern$CharPredicate;I)Z @ 2 c2
Event: 711.221 Thread 0x0000026ee20ac5d0 DEOPT PACKING pc=0x0000026ebe27c69c sp=0x00000096a52f8bf0
Event: 711.221 Thread 0x0000026ee20ac5d0 DEOPT UNPACKING pc=0x0000026ebd2123a3 sp=0x00000096a52f8b18 mode 2
Event: 711.221 Thread 0x0000026ee20ac5d0 Uncommon trap: trap_request=0xffffffc6 fr.pc=0x0000026ebe27c69c relative=0x000000000000033c
Event: 711.221 Thread 0x0000026ee20ac5d0 Uncommon trap: reason=bimorphic_or_optimized_type_check action=maybe_recompile pc=0x0000026ebe27c69c method=java.util.regex.Pattern$BmpCharPredicate.lambda$union$2(Ljava/util/regex/Pattern$CharPredicate;I)Z @ 2 c2
Event: 711.221 Thread 0x0000026ee20ac5d0 DEOPT PACKING pc=0x0000026ebe27c69c sp=0x00000096a52f8bf0
Event: 711.221 Thread 0x0000026ee20ac5d0 DEOPT UNPACKING pc=0x0000026ebd2123a3 sp=0x00000096a52f8b18 mode 2
Event: 712.528 Thread 0x0000026ee20ac5d0 DEOPT PACKING pc=0x0000026eb971376b sp=0x00000096a52f7060
Event: 712.528 Thread 0x0000026ee20ac5d0 DEOPT UNPACKING pc=0x0000026ebd212b43 sp=0x00000096a52f64a0 mode 0

Classes unloaded (20 events):
Event: 555.117 Thread 0x0000026ec8453560 Unloading class 0x0000026ecaf79000 'java/lang/invoke/LambdaForm$MH+0x0000026ecaf79000'
Event: 555.117 Thread 0x0000026ec8453560 Unloading class 0x0000026eca61a400 'java/lang/invoke/LambdaForm$MH+0x0000026eca61a400'
Event: 555.117 Thread 0x0000026ec8453560 Unloading class 0x0000026eca57dc00 'java/lang/invoke/LambdaForm$MH+0x0000026eca57dc00'
Event: 555.117 Thread 0x0000026ec8453560 Unloading class 0x0000026eca0e4c00 'java/lang/invoke/LambdaForm$MH+0x0000026eca0e4c00'
Event: 555.117 Thread 0x0000026ec8453560 Unloading class 0x0000026eca0e4400 'java/lang/invoke/LambdaForm$MH+0x0000026eca0e4400'
Event: 555.117 Thread 0x0000026ec8453560 Unloading class 0x0000026eca039c00 'java/lang/invoke/LambdaForm$MH+0x0000026eca039c00'
Event: 653.009 Thread 0x0000026ec8453560 Unloading class 0x0000026ecb1a8000 'jdk/internal/reflect/GeneratedMethodAccessor7'
Event: 653.009 Thread 0x0000026ec8453560 Unloading class 0x0000026ecb182800 'jdk/internal/reflect/GeneratedSerializationConstructorAccessor28'
Event: 653.009 Thread 0x0000026ec8453560 Unloading class 0x0000026ecb182400 'jdk/internal/reflect/GeneratedSerializationConstructorAccessor27'
Event: 653.009 Thread 0x0000026ec8453560 Unloading class 0x0000026ecb182000 'jdk/internal/reflect/GeneratedSerializationConstructorAccessor26'
Event: 653.009 Thread 0x0000026ec8453560 Unloading class 0x0000026ecb181c00 'jdk/internal/reflect/GeneratedSerializationConstructorAccessor25'
Event: 653.009 Thread 0x0000026ec8453560 Unloading class 0x0000026ecb181800 'jdk/internal/reflect/GeneratedSerializationConstructorAccessor24'
Event: 653.009 Thread 0x0000026ec8453560 Unloading class 0x0000026ecb181400 'jdk/internal/reflect/GeneratedSerializationConstructorAccessor23'
Event: 653.009 Thread 0x0000026ec8453560 Unloading class 0x0000026ecb0e0400 'jdk/internal/reflect/GeneratedSerializationConstructorAccessor22'
Event: 653.010 Thread 0x0000026ec8453560 Unloading class 0x0000026ecb0e0000 'jdk/internal/reflect/GeneratedSerializationConstructorAccessor21'
Event: 653.011 Thread 0x0000026ec8453560 Unloading class 0x0000026ecaec1400 'jdk/internal/reflect/GeneratedSerializationConstructorAccessor6'
Event: 653.011 Thread 0x0000026ec8453560 Unloading class 0x0000026ecaec1000 'jdk/internal/reflect/GeneratedSerializationConstructorAccessor5'
Event: 653.011 Thread 0x0000026ec8453560 Unloading class 0x0000026ecaec0800 'jdk/internal/reflect/GeneratedSerializationConstructorAccessor3'
Event: 653.011 Thread 0x0000026ec8453560 Unloading class 0x0000026ecaec0400 'jdk/internal/reflect/GeneratedSerializationConstructorAccessor2'
Event: 653.011 Thread 0x0000026ec8453560 Unloading class 0x0000026ecaec0000 'jdk/internal/reflect/GeneratedSerializationConstructorAccessor1'

Classes redefined (0 events):
No events

Internal exceptions (20 events):
Event: 704.728 Thread 0x0000026ee20ac5d0 Exception <a 'sun/nio/fs/WindowsException'{0x00000000fb7aa698}> (0x00000000fb7aa698) 
thrown [s\open\src\hotspot\share\prims\jni.cpp, line 516]
Event: 704.733 Thread 0x0000026ee20ac5d0 Exception <a 'sun/nio/fs/WindowsException'{0x00000000fb7cf2f8}> (0x00000000fb7cf2f8) 
thrown [s\open\src\hotspot\share\prims\jni.cpp, line 516]
Event: 704.740 Thread 0x0000026ee20ac5d0 Exception <a 'sun/nio/fs/WindowsException'{0x00000000fb7d6320}> (0x00000000fb7d6320) 
thrown [s\open\src\hotspot\share\prims\jni.cpp, line 516]
Event: 704.749 Thread 0x0000026ee20ac5d0 Exception <a 'sun/nio/fs/WindowsException'{0x00000000fb63b5f8}> (0x00000000fb63b5f8) 
thrown [s\open\src\hotspot\share\prims\jni.cpp, line 516]
Event: 704.758 Thread 0x0000026ee20ac5d0 Exception <a 'sun/nio/fs/WindowsException'{0x00000000fb642518}> (0x00000000fb642518) 
thrown [s\open\src\hotspot\share\prims\jni.cpp, line 516]
Event: 709.696 Thread 0x0000026ee20ac5d0 Implicit null exception at 0x0000026ebeb6a8e5 to 0x0000026ebeb6a9f9
Event: 709.789 Thread 0x0000026ee20ac5d0 Exception <a 'java/lang/NoSuchMethodError'{0x00000000f970c668}: 'java.lang.Object java.lang.invoke.Invokers$Holder.invokeExact_MT(java.lang.Object, java.lang.Object, java.lang.Object, int, java.lang.Object, java.lang.Object)'> (0x00000000f970c668) 
thrown [s\open\src\hotspot\share\interpreter\linkResolver.cpp, line 759]
Event: 711.035 Thread 0x0000026ee20ac5d0 Exception <a 'java/lang/NoSuchMethodError'{0x00000000f8ed13b0}: 'java.lang.Object java.lang.invoke.DelegatingMethodHandle$Holder.reinvoke_L(java.lang.Object, java.lang.Object, long, int, int, int, int, int, int, java.lang.Object, int, int, int, int, java.lang.Object)'> (0x00000000f8ed13b0) 
thrown [s\open\src\hotspot\share\interpreter\linkResolver.cpp, line 759]
Event: 711.041 Thread 0x0000026ee20ac5d0 Exception <a 'java/lang/NoSuchMethodError'{0x00000000f8d17448}: 'java.lang.Object java.lang.invoke.DirectMethodHandle$Holder.invokeSpecial(java.lang.Object, java.lang.Object, long, int, int, int, int, int, int, java.lang.Object, int, int, int, int, java.lang.Object)'> (0x00000000f8d17448) 
thrown [s\open\src\hotspot\share\interpreter\linkResolver.cpp, line 759]
Event: 711.042 Thread 0x0000026ee20ac5d0 Exception <a 'java/lang/NoSuchMethodError'{0x00000000f8d1c2d8}: 'java.lang.Object java.lang.invoke.DelegatingMethodHandle$Holder.reinvoke_L(java.lang.Object, long, int, int, int, int, int, int, java.lang.Object, int, int, int, int, java.lang.Object)'> (0x00000000f8d1c2d8) 
thrown [s\open\src\hotspot\share\interpreter\linkResolver.cpp, line 759]
Event: 711.444 Thread 0x0000026ee20ac5d0 Exception <a 'java/lang/ClassNotFoundException'{0x00000000f856c088}: com/android/build/gradle/internal/api/ApkVariantOutputImpl_DecoratedBeanInfo> (0x00000000f856c088) 
thrown [s\open\src\hotspot\share\classfile\systemDictionary.cpp, line 256]
Event: 711.446 Thread 0x0000026ee20ac5d0 Exception <a 'java/lang/ClassNotFoundException'{0x00000000f857b4d8}: com/android/build/gradle/internal/api/ApkVariantOutputImplBeanInfo> (0x00000000f857b4d8) 
thrown [s\open\src\hotspot\share\classfile\systemDictionary.cpp, line 256]
Event: 711.449 Thread 0x0000026ee20ac5d0 Exception <a 'java/lang/ClassNotFoundException'{0x00000000f858ae60}: com/android/build/gradle/internal/api/BaseVariantOutputImplBeanInfo> (0x00000000f858ae60) 
thrown [s\open\src\hotspot\share\classfile\systemDictionary.cpp, line 256]
Event: 711.450 Thread 0x0000026ee20ac5d0 Exception <a 'java/lang/ClassNotFoundException'{0x00000000f859a560}: com/android/build/gradle/internal/api/BaseVariantOutputImplCustomizer> (0x00000000f859a560) 
thrown [s\open\src\hotspot\share\classfile\systemDictionary.cpp, line 256]
Event: 711.456 Thread 0x0000026ee20ac5d0 Exception <a 'java/lang/ClassNotFoundException'{0x00000000f85bcb50}: com/android/build/gradle/internal/api/ApkVariantOutputImplCustomizer> (0x00000000f85bcb50) 
thrown [s\open\src\hotspot\share\classfile\systemDictionary.cpp, line 256]
Event: 711.460 Thread 0x0000026ee20ac5d0 Exception <a 'java/lang/ClassNotFoundException'{0x00000000f85d9230}: com/android/build/gradle/internal/api/ApkVariantOutputImpl_DecoratedCustomizer> (0x00000000f85d9230) 
thrown [s\open\src\hotspot\share\classfile\systemDictionary.cpp, line 256]
Event: 711.991 Thread 0x0000026ee20ac5d0 Exception <a 'java/lang/ClassNotFoundException'{0x00000000ffb3aaa0}: com/android/build/gradle/internal/api/ReadOnlyBuildTypeBeanInfo> (0x00000000ffb3aaa0) 
thrown [s\open\src\hotspot\share\classfile\systemDictionary.cpp, line 256]
Event: 711.992 Thread 0x0000026ee20ac5d0 Exception <a 'java/lang/ClassNotFoundException'{0x00000000ffb4a130}: com/android/build/gradle/internal/api/ReadOnlyBaseConfigBeanInfo> (0x00000000ffb4a130) 
thrown [s\open\src\hotspot\share\classfile\systemDictionary.cpp, line 256]
Event: 711.994 Thread 0x0000026ee20ac5d0 Exception <a 'java/lang/ClassNotFoundException'{0x00000000ffb597f0}: com/android/build/gradle/internal/api/ReadOnlyBaseConfigCustomizer> (0x00000000ffb597f0) 
thrown [s\open\src\hotspot\share\classfile\systemDictionary.cpp, line 256]
Event: 712.000 Thread 0x0000026ee20ac5d0 Exception <a 'java/lang/ClassNotFoundException'{0x00000000ffb7bbc0}: com/android/build/gradle/internal/api/ReadOnlyBuildTypeCustomizer> (0x00000000ffb7bbc0) 
thrown [s\open\src\hotspot\share\classfile\systemDictionary.cpp, line 256]

VM Operations (20 events):
Event: 704.261 Executing VM operation: ICBufferFull
Event: 704.261 Executing VM operation: ICBufferFull done
Event: 705.265 Executing VM operation: Cleanup
Event: 705.266 Executing VM operation: Cleanup done
Event: 705.687 Executing VM operation: G1CollectForAllocation
Event: 705.727 Executing VM operation: G1CollectForAllocation done
Event: 706.215 Executing VM operation: G1CollectForAllocation
Event: 706.239 Executing VM operation: G1CollectForAllocation done
Event: 707.250 Executing VM operation: Cleanup
Event: 707.282 Executing VM operation: Cleanup done
Event: 707.843 Executing VM operation: HandshakeAllThreads
Event: 707.843 Executing VM operation: HandshakeAllThreads done
Event: 708.062 Executing VM operation: HandshakeAllThreads
Event: 708.062 Executing VM operation: HandshakeAllThreads done
Event: 709.075 Executing VM operation: Cleanup
Event: 709.075 Executing VM operation: Cleanup done
Event: 710.083 Executing VM operation: Cleanup
Event: 710.113 Executing VM operation: Cleanup done
Event: 711.739 Executing VM operation: G1CollectForAllocation
Event: 711.752 Executing VM operation: G1CollectForAllocation done

Events (20 events):
Event: 704.008 Thread 0x0000026ec8476080 flushing nmethod 0x0000026eb6c0f010
Event: 704.011 Thread 0x0000026ec8476080 flushing nmethod 0x0000026eb6ed1b10
Event: 704.012 Thread 0x0000026ec8476080 flushing nmethod 0x0000026eb6f6f110
Event: 704.012 Thread 0x0000026ec8476080 flushing nmethod 0x0000026eb6f93b90
Event: 704.013 Thread 0x0000026ec8476080 flushing nmethod 0x0000026eb708d410
Event: 704.013 Thread 0x0000026ec8476080 flushing nmethod 0x0000026eb70b1190
Event: 704.013 Thread 0x0000026ec8476080 flushing nmethod 0x0000026eb70b1d10
Event: 704.017 Thread 0x0000026ec8476080 flushing nmethod 0x0000026eb74e6c90
Event: 704.021 Thread 0x0000026ec8476080 flushing nmethod 0x0000026eb78c6290
Event: 704.033 Thread 0x0000026ec8476080 flushing nmethod 0x0000026eb8699290
Event: 704.799 Thread 0x0000026eef9135b0 Thread exited: 0x0000026eef9135b0
Event: 706.420 loading class java/util/Currency
Event: 706.423 loading class java/util/Currency done
Event: 706.611 Thread 0x0000026e81f24c90 Thread added: 0x0000026e81f24c90
Event: 706.758 Thread 0x0000026e81f24c90 Thread exited: 0x0000026e81f24c90
Event: 708.664 Thread 0x0000026e804228a0 Thread added: 0x0000026e804228a0
Event: 709.466 Thread 0x0000026e804228a0 Thread exited: 0x0000026e804228a0
Event: 710.045 Thread 0x0000026e804228a0 Thread added: 0x0000026e804228a0
Event: 710.491 Thread 0x0000026e804228a0 Thread exited: 0x0000026e804228a0
Event: 712.378 Thread 0x0000026e81f22210 Thread added: 0x0000026e81f22210


Dynamic libraries:
0x00007ff681c00000 - 0x00007ff681c10000 	C:\Program Files\Java\jdk-17\bin\java.exe
0x00007ffcda310000 - 0x00007ffcda528000 	C:\Windows\SYSTEM32\ntdll.dll
0x00007ffcd8cc0000 - 0x00007ffcd8d84000 	C:\Windows\System32\KERNEL32.DLL
0x00007ffcd7a00000 - 0x00007ffcd7dd3000 	C:\Windows\System32\KERNELBASE.dll
0x00007ffcd7e10000 - 0x00007ffcd7f21000 	C:\Windows\System32\ucrtbase.dll
0x00007ffcb7900000 - 0x00007ffcb7919000 	C:\Program Files\Java\jdk-17\bin\jli.dll
0x00007ffcd9190000 - 0x00007ffcd9241000 	C:\Windows\System32\ADVAPI32.dll
0x00007ffcd9250000 - 0x00007ffcd92f7000 	C:\Windows\System32\msvcrt.dll
0x00007ffcd8540000 - 0x00007ffcd85e8000 	C:\Windows\System32\sechost.dll
0x00007ffcd7de0000 - 0x00007ffcd7e08000 	C:\Windows\System32\bcrypt.dll
0x00007ffcd8420000 - 0x00007ffcd8538000 	C:\Windows\System32\RPCRT4.dll
0x00007ffcd8f60000 - 0x00007ffcd9112000 	C:\Windows\System32\USER32.dll
0x00007ffcd7680000 - 0x00007ffcd76a6000 	C:\Windows\System32\win32u.dll
0x00007ffcd98d0000 - 0x00007ffcd98f9000 	C:\Windows\System32\GDI32.dll
0x00007ffcd7560000 - 0x00007ffcd767b000 	C:\Windows\System32\gdi32full.dll
0x00007ffcd76b0000 - 0x00007ffcd774a000 	C:\Windows\System32\msvcp_win.dll
0x00007ffcc6640000 - 0x00007ffcc68dc000 	C:\Windows\WinSxS\amd64_microsoft.windows.common-controls_6595b64144ccf1df_6.0.22621.6060_none_2712eda17382d24b\COMCTL32.dll
0x00007ffccffc0000 - 0x00007ffccffca000 	C:\Windows\SYSTEM32\VERSION.dll
0x00007ffcb78c0000 - 0x00007ffcb78db000 	C:\Program Files\Java\jdk-17\bin\VCRUNTIME140.dll
0x00007ffcd9780000 - 0x00007ffcd97b1000 	C:\Windows\System32\IMM32.DLL
0x00007ffcd2d40000 - 0x00007ffcd2d4c000 	C:\Program Files\Java\jdk-17\bin\vcruntime140_1.dll
0x00007ffc97d90000 - 0x00007ffc97e1e000 	C:\Program Files\Java\jdk-17\bin\msvcp140.dll
0x00007ffc379b0000 - 0x00007ffc38590000 	C:\Program Files\Java\jdk-17\bin\server\jvm.dll
0x00007ffcd88c0000 - 0x00007ffcd88c8000 	C:\Windows\System32\PSAPI.DLL
0x00007ffcbd5b0000 - 0x00007ffcbd5b9000 	C:\Windows\SYSTEM32\WSOCK32.dll
0x00007ffcd7fb0000 - 0x00007ffcd8021000 	C:\Windows\System32\WS2_32.dll
0x00007ffcd36e0000 - 0x00007ffcd3714000 	C:\Windows\SYSTEM32\WINMM.dll
0x00007ffcd64f0000 - 0x00007ffcd6508000 	C:\Windows\SYSTEM32\kernel.appcore.dll
0x00007ffcd07a0000 - 0x00007ffcd07aa000 	C:\Program Files\Java\jdk-17\bin\jimage.dll
0x00007ffcc2a60000 - 0x00007ffcc2c93000 	C:\Windows\SYSTEM32\DBGHELP.DLL
0x00007ffcd8050000 - 0x00007ffcd83e1000 	C:\Windows\System32\combase.dll
0x00007ffcd8680000 - 0x00007ffcd8758000 	C:\Windows\System32\OLEAUT32.dll
0x00007ffcb8b30000 - 0x00007ffcb8b62000 	C:\Windows\SYSTEM32\dbgcore.DLL
0x00007ffcd74e0000 - 0x00007ffcd755b000 	C:\Windows\System32\bcryptPrimitives.dll
0x00007ffcc63f0000 - 0x00007ffcc63fe000 	C:\Program Files\Java\jdk-17\bin\instrument.dll
0x00007ffcae770000 - 0x00007ffcae795000 	C:\Program Files\Java\jdk-17\bin\java.dll
0x00007ffc96da0000 - 0x00007ffc96e77000 	C:\Program Files\Java\jdk-17\bin\jsvml.dll
0x00007ffcd9a30000 - 0x00007ffcda2cc000 	C:\Windows\System32\SHELL32.dll
0x00007ffcd78c0000 - 0x00007ffcd79ff000 	C:\Windows\System32\wintypes.dll
0x00007ffcd5330000 - 0x00007ffcd5c4a000 	C:\Windows\SYSTEM32\windows.storage.dll
0x00007ffcd8980000 - 0x00007ffcd8a84000 	C:\Windows\System32\SHCORE.dll
0x00007ffcd9960000 - 0x00007ffcd99c9000 	C:\Windows\System32\shlwapi.dll
0x00007ffcd7350000 - 0x00007ffcd7375000 	C:\Windows\SYSTEM32\profapi.dll
0x00007ffcac4b0000 - 0x00007ffcac4c8000 	C:\Program Files\Java\jdk-17\bin\zip.dll
0x00007ffc9b480000 - 0x00007ffc9b499000 	C:\Program Files\Java\jdk-17\bin\net.dll
0x00007ffcd33e0000 - 0x00007ffcd350c000 	C:\Windows\SYSTEM32\WINHTTP.dll
0x00007ffcd69d0000 - 0x00007ffcd6a39000 	C:\Windows\system32\mswsock.dll
0x00007ffc997b0000 - 0x00007ffc997c6000 	C:\Program Files\Java\jdk-17\bin\nio.dll
0x00007ffcd2e10000 - 0x00007ffcd2e20000 	C:\Program Files\Java\jdk-17\bin\verify.dll
0x00007ffca0180000 - 0x00007ffca01a7000 	C:\Users\colloh\.gradle\native\1def1411415f61bf3af743bc5b6707747c0891f09f0c88961ee8f79bc544acac\windows-amd64\native-platform.dll
0x00007ffc98f50000 - 0x00007ffc98fc7000 	C:\Users\colloh\.gradle\native\0.2.8\x86_64-windows-gnu\gradle-fileevents.dll
0x00007ffcd08c0000 - 0x00007ffcd08ca000 	C:\Program Files\Java\jdk-17\bin\management.dll
0x00007ffcd08b0000 - 0x00007ffcd08bb000 	C:\Program Files\Java\jdk-17\bin\management_ext.dll
0x00007ffcd5f20000 - 0x00007ffcd5f4d000 	C:\Windows\SYSTEM32\IPHLPAPI.DLL
0x00007ffcd8f50000 - 0x00007ffcd8f59000 	C:\Windows\System32\NSI.dll
0x00007ffcd36c0000 - 0x00007ffcd36d9000 	C:\Windows\SYSTEM32\dhcpcsvc6.DLL
0x00007ffcd32f0000 - 0x00007ffcd330f000 	C:\Windows\SYSTEM32\dhcpcsvc.DLL
0x00007ffcd5f50000 - 0x00007ffcd6048000 	C:\Windows\SYSTEM32\DNSAPI.dll
0x00007ffcd6c30000 - 0x00007ffcd6c4b000 	C:\Windows\SYSTEM32\CRYPTSP.dll
0x00007ffcd6450000 - 0x00007ffcd6487000 	C:\Windows\system32\rsaenh.dll
0x00007ffcd6ac0000 - 0x00007ffcd6ae8000 	C:\Windows\SYSTEM32\USERENV.dll
0x00007ffcd6c20000 - 0x00007ffcd6c2c000 	C:\Windows\SYSTEM32\CRYPTBASE.dll
0x00007ffcd07c0000 - 0x00007ffcd07ce000 	C:\Program Files\Java\jdk-17\bin\sunmscapi.dll
0x00007ffcd7750000 - 0x00007ffcd78b8000 	C:\Windows\System32\CRYPT32.dll
0x00007ffcd6de0000 - 0x00007ffcd6e0e000 	C:\Windows\SYSTEM32\ncrypt.dll
0x00007ffcd6da0000 - 0x00007ffcd6dd7000 	C:\Windows\SYSTEM32\NTASN1.dll
0x00007ffcd36a0000 - 0x00007ffcd36a8000 	C:\Windows\system32\wshunix.dll
0x00007ffcc4190000 - 0x00007ffcc419a000 	C:\Windows\System32\rasadhlp.dll
0x00007ffcd0c30000 - 0x00007ffcd0cb4000 	C:\Windows\System32\fwpuclnt.dll

dbghelp: loaded successfully - version: 4.0.5 - missing functions: none
symbol engine: initialized successfully - sym options: 0x614 - pdb path: .;C:\Program Files\Java\jdk-17\bin;C:\Windows\SYSTEM32;C:\Windows\WinSxS\amd64_microsoft.windows.common-controls_6595b64144ccf1df_6.0.22621.6060_none_2712eda17382d24b;C:\Program Files\Java\jdk-17\bin\server;C:\Users\colloh\.gradle\native\1def1411415f61bf3af743bc5b6707747c0891f09f0c88961ee8f79bc544acac\windows-amd64;C:\Users\colloh\.gradle\native\0.2.8\x86_64-windows-gnu

VM Arguments:
jvm_args: --add-opens=java.base/java.lang=ALL-UNNAMED --add-opens=java.base/java.lang.invoke=ALL-UNNAMED --add-opens=java.base/java.util=ALL-UNNAMED --add-opens=java.prefs/java.util.prefs=ALL-UNNAMED --add-exports=jdk.compiler/com.sun.tools.javac.api=ALL-UNNAMED --add-exports=jdk.compiler/com.sun.tools.javac.util=ALL-UNNAMED --add-opens=java.base/java.util=ALL-UNNAMED --add-opens=java.prefs/java.util.prefs=ALL-UNNAMED --add-opens=java.base/java.nio.charset=ALL-UNNAMED --add-opens=java.base/java.net=ALL-UNNAMED --add-opens=java.base/java.util.concurrent=ALL-UNNAMED --add-opens=java.base/java.util.concurrent.atomic=ALL-UNNAMED --add-opens=java.xml/javax.xml.namespace=ALL-UNNAMED -XX:MaxMetaspaceSize=384m -XX:+HeapDumpOnOutOfMemoryError -Xms256m -Xmx512m -Dfile.encoding=UTF-8 -Duser.country=US -Duser.language=en -Duser.variant -javaagent:C:\Users\colloh\.gradle\wrapper\dists\gradle-9.0.0-bin\d6wjpkvcgsg3oed0qlfss3wgl\gradle-9.0.0\lib\agents\gradle-instrumentation-agent-9.0.0.jar 
java_command: org.gradle.launcher.daemon.bootstrap.GradleDaemon 9.0.0
java_class_path (initial): C:\Users\colloh\.gradle\wrapper\dists\gradle-9.0.0-bin\d6wjpkvcgsg3oed0qlfss3wgl\gradle-9.0.0\lib\gradle-daemon-main-9.0.0.jar
Launcher Type: SUN_STANDARD

[Global flags]
     intx CICompilerCount                          = 3                                         {product} {ergonomic}
   size_t CompressedClassSpaceSize                 = 335544320                                 {product} {ergonomic}
     uint ConcGCThreads                            = 1                                         {product} {ergonomic}
     uint G1ConcRefinementThreads                  = 4                                         {product} {ergonomic}
   size_t G1HeapRegionSize                         = 1048576                                   {product} {ergonomic}
    uintx GCDrainStackTargetSize                   = 64                                        {product} {ergonomic}
     bool HeapDumpOnOutOfMemoryError               = true                                   {manageable} {command line}
   size_t InitialHeapSize                          = 268435456                                 {product} {command line}
   size_t MarkStackSize                            = 4194304                                   {product} {ergonomic}
   size_t MaxHeapSize                              = 536870912                                 {product} {command line}
   size_t MaxMetaspaceSize                         = 402653184                                 {product} {command line}
   size_t MaxNewSize                               = 321912832                                 {product} {ergonomic}
   size_t MinHeapDeltaBytes                        = 1048576                                   {product} {ergonomic}
   size_t MinHeapSize                              = 268435456                                 {product} {command line}
    uintx NonNMethodCodeHeapSize                   = 5832780                                {pd product} {ergonomic}
    uintx NonProfiledCodeHeapSize                  = 122912730                              {pd product} {ergonomic}
    uintx ProfiledCodeHeapSize                     = 122912730                              {pd product} {ergonomic}
    uintx ReservedCodeCacheSize                    = 251658240                              {pd product} {ergonomic}
     bool SegmentedCodeCache                       = true                                      {product} {ergonomic}
   size_t SoftMaxHeapSize                          = 536870912                              {manageable} {ergonomic}
     bool UseCompressedClassPointers               = true                           {product lp64_product} {ergonomic}
     bool UseCompressedOops                        = true                           {product lp64_product} {ergonomic}
     bool UseG1GC                                  = true                                      {product} {ergonomic}
     bool UseLargePagesIndividualAllocation        = false                                  {pd product} {ergonomic}

Logging:
Log output configuration:
 #0: stdout all=warning uptime,level,tags
 #1: stderr all=off uptime,level,tags

Environment Variables:
PATH=C:\Program Files\Google\Chrome\Application;C:\Program Files\Common Files\Oracle\Java\javapath;C:\Windows\system32;C:\Windows;C:\Windows\System32\Wbem;C:\Windows\System32\WindowsPowerShell\v1.0\;C:\Windows\System32\OpenSSH\;C:\Program Files\Git\cmd;%NVM_HOME%;%NVM_SYMLINK%;C:\Users\colloh\scoop\shims;c:\Users\colloh\AppData\Local\Programs\cursor\resources\app\codeBin;c:\Users\colloh\AppData\Roaming\Code\User\globalStorage\github.copilot-chat\debugCommand;c:\Users\colloh\AppData\Roaming\Code\User\globalStorage\github.copilot-chat\copilotCli;C:\Users\colloh\AppData\Local\Programs\Microsoft VS Code;C:\Program Files\Common Files\Oracle\Java\javapath;C:\Windows\system32;C:\Windows;C:\Windows\System32\Wbem;C:\Windows\System32\WindowsPowerShell\v1.0\;C:\Windows\System32\OpenSSH\;C:\Program Files\cursor\resources\app\bin;C:\Program Files\Git\cmd;C:\Users\colloh\AppData\Local\nvm;C:\nvm4w\nodejs;C:\Program Files\dotnet\;C:\Program Files (x86)\Windows Kits\10\Windows Performance Toolkit\;C:\Users\colloh\AppData\Local\Microsoft\WindowsApps;C:\Users\colloh\AppData\Local\Programs\Microsoft VS Code\bin;C:\Users\colloh\AppData\Local\nvm;C:\nvm4w\nodejs;C:\Users\colloh\.dotnet\tools;C:\Users\colloh\AppData\Local;C:\Users\colloh\AppData\Roaming\supabase;C:\Users\colloh\AppData\Local\Microsoft\WinGet\Packages\Google.PlatformTools_Microsoft.Winget.Source_8wekyb3d8bbwe\platform-tools;
USERNAME=colloh
OS=Windows_NT
PROCESSOR_IDENTIFIER=Intel64 Family 6 Model 78 Stepping 3, GenuineIntel



---------------  S Y S T E M  ---------------

OS:
 Windows 11 , 64 bit Build 22621 (10.0.22621.5415)
OS uptime: 5 days 17:37 hours

CPU: total 4 (initial active 4) (2 cores per cpu, 2 threads per core) family 6 model 78 stepping 3 microcode 0xf0, cx8, cmov, fxsr, ht, mmx, 3dnowpref, sse, sse2, sse3, ssse3, sse4.1, sse4.2, popcnt, lzcnt, tsc, tscinvbit, avx, avx2, aes, erms, clmul, bmi1, bmi2, rtm, adx, fma, vzeroupper, clflush, clflushopt

Memory: 4k page, system-wide physical 8047M (961M free)
TotalPageFile size 32623M (AvailPageFile size 0M)
current process WorkingSet (physical memory assigned to process): 795M, peak: 813M
current process commit charge ("private bytes"): 983M, peak: 985M

vm_info: Java HotSpot(TM) 64-Bit Server VM (17.0.12+8-LTS-286) for windows-amd64 JRE (17.0.12+8-LTS-286), built on Jun  5 2024 06:46:59 by "mach5one" with MS VC++ 17.6 (VS2022)

END.
